Workbook

Sheet CLEANED DATASET
A1: PATIENT_ID | B1: AGE | C1: Gender | D1: GENDER2 | E1: Country_Region | F1: COUNTRY REGION | G1: Year | H1: Genetic_Risk | I1: GENETIC_RISK2 | J1: Air_Pollution | K1: AIR POLLUTION | L1: Alcohol_Use | M1: ALCOHOL USE | N1: Smoking | O1: SMOKING2 | P1: Obesity_Level | Q1: OBESITY LEVEL | R1: Cancer_Type | S1: Column1 | T1: Cancer_Stage | U1: Treatment_Cost_USD | V1: SURVIVAL_YEAR | W1: SURVIVAL YEAR | X1: TARGET_SEVERITY_SCORE | Y1: CANCER STAGE | Z1: TREATMENT COST USD
A2: PT0001777 | B2: 60 | C2: Male | D2: =PROPER(Table3[[#This Row],[Gender]]) -> Male | E2: Australia | F2: =PROPER(Table3[[#This Row],[Country_Region]]) -> Australia | G2: 2022 | H2: 6.1 | I2: =IF(H2="", AVERAGEIF('CLEANED DATASET'!$G$2:$G$532,G2,'CLEANED DATASET'!$H91),H2) -> 6.1 | J2: 2.1 | K2: =IF(J2="",ROUND(AVERAGEIF(G6:G532,G2,J2:J532),1),J2) -> 2.1 | L2: 6.3 | M2: =IF(L2="", AVERAGEIF(G2:G532, G2,L2:L532),L2) -> 6.3 | O2: =IF(N2="",AVERAGEIF(G2:G532,G2,N2:N532),N2) -> 4.6005848 | P2: 0.6 | Q2: =IF(P2="",AVERAGEIF(G2:G532,G2,P2:P532),P2) -> 0.6 | R2: Breast | S2: =PROPER(Table3[[#This Row],[Cancer_Type]]) -> Breast | T2: Stage II | U2: 35502.54 | V2: 7.4 | W2: =IF(Y2="Stage 0",RANDBETWEEN(9,10), IF(Y2="Stage I",RANDBETWEEN(7,8), IF(Y2="Stage II",RANDBETWEEN(5,6), IF(Y2="Stage III",RANDBETWEEN(3,4), IF(Y2="Stage IV",RANDBETWEEN(1,2),""))))) -> 7 | X2: 3.93 | Y2: =IF(X2<=2,"Stage 0",IF(X2<=4,"Stage I",IF(X2<=6,"Stage II",IF(X2<=8,"Stage III", "Stage IV")))) -> Stage I | Z2: =IF(U2<>"",U2,ROUND(AVERAGEIF(S2:S532,S2,U2:U532),2)) -> 35502.54
A3: PT0006143 | B3: 70 | C3: Male | D3: =PROPER(Table3[[#This Row],[Gender]]) -> Male | E3: RUSSIA | F3: =PROPER(Table3[[#This Row],[Country_Region]]) -> Russia | G3: 2023 | H3: 1.6 | I3: =IF(H3="", AVERAGEIF('CLEANED DATASET'!$G$2:$G$532,G3,'CLEANED DATASET'!$H201),H3) -> 1.6 | J3: 2 | K3: =IF(J3="",ROUND(AVERAGEIF(G7:G533,G3,J3:J533),1),J3) -> 2 | L3: 4.3 | M3: =IF(L3="", AVERAGEIF(G3:G533, G3,L3:L533),L3) -> 4.3 | N3: 5 | O3: =IF(N3="",AVERAGEIF(G3:G533,G3,N3:N533),N3) -> 5 | P3: 0.8 | Q3: =IF(P3="",AVERAGEIF(G3:G533,G3,P3:P533),P3) -> 0.8 | R3: Leukemia | S3: =PROPER(Table3[[#This Row],[Cancer_Type]]) -> Leukemia | T3: Stage I | U3: 16273.05 | V3: 1.5 | W3: =IF(Y3="Stage 0",RANDBETWEEN(9,10), IF(Y3="Stage I",RANDBETWEEN(7,8), IF(Y3="Stage II",RANDBETWEEN(5,6), IF(Y3="Stage III",RANDBETWEEN(3,4), IF(Y3="Stage IV",RANDBETWEEN(1,2),""))))) -> 6 | X3: 4.02 | Y3: =IF(X3<=2,"Stage 0",IF(X3<=4,"Stage I",IF(X3<=6,"Stage II",IF(X3<=8,"Stage III", "Stage IV")))) -> Stage II | Z3: =IF(U3<>"",U3,ROUND(AVERAGEIF(S3:S533,S3,U3:U533),2)) -> 16273.05
A4: PT0006792 | B4: 33 | C4: Other | D4: =PROPER(Table3[[#This Row],[Gender]]) -> Other | E4: BraZIL | F4: =PROPER(Table3[[#This Row],[Country_Region]]) -> Brazil | G4: 2024 | H4: 9.1 | I4: =IF(H4="", AVERAGEIF('CLEANED DATASET'!$G$2:$G$532,G4,'CLEANED DATASET'!$H125),H4) -> 9.1 | J4: 7.5 | K4: =IF(J4="",ROUND(AVERAGEIF(G8:G534,G4,J4:J534),1),J4) -> 7.5 | M4: =IF(L4="", AVERAGEIF(G4:G534, G4,L4:L534),L4) -> 4.712963 | N4: 7.5 | O4: =IF(N4="",AVERAGEIF(G4:G534,G4,N4:N534),N4) -> 7.5 | P4: 7 | Q4: =IF(P4="",AVERAGEIF(G4:G534,G4,P4:P534),P4) -> 7 | R4: Colon | S4: =PROPER(Table3[[#This Row],[Cancer_Type]]) -> Colon | T4: Stage III | U4: 22899.65 | V4: 7 | W4: =IF(Y4="Stage 0",RANDBETWEEN(9,10), IF(Y4="Stage I",RANDBETWEEN(7,8), IF(Y4="Stage II",RANDBETWEEN(5,6), IF(Y4="Stage III",RANDBETWEEN(3,4), IF(Y4="Stage IV",RANDBETWEEN(1,2),""))))) -> 4 | X4: 7.14 | Y4: =IF(X4<=2,"Stage 0",IF(X4<=4,"Stage I",IF(X4<=6,"Stage II",IF(X4<=8,"Stage III", "Stage IV")))) -> Stage III | Z4: =IF(U4<>"",U4,ROUND(AVERAGEIF(S4:S534,S4,U4:U534),2)) -> 22899.65
A5: PT0007169 | B5: 87 | C5: Female | D5: =PROPER(Table3[[#This Row],[Gender]]) -> Female | E5: Russia | F5: =PROPER(Table3[[#This Row],[Country_Region]]) -> Russia | G5: 2022 | H5: 7.5 | I5: =IF(H5="", AVERAGEIF('CLEANED DATASET'!$G$2:$G$532,G5,'CLEANED DATASET'!$H494),H5) -> 7.5 | J5: 8.5 | K5: =IF(J5="",ROUND(AVERAGEIF(G9:G535,G5,J5:J535),1),J5) -> 8.5 | L5: 0.9 | M5: =IF(L5="", AVERAGEIF(G5:G535, G5,L5:L535),L5) -> 0.9 | N5: 2.7 | O5: =IF(N5="",AVERAGEIF(G5:G535,G5,N5:N535),N5) -> 2.7 | P5: 8 | Q5: =IF(P5="",AVERAGEIF(G5:G535,G5,P5:P535),P5) -> 8 | R5: Skin | S5: =PROPER(Table3[[#This Row],[Cancer_Type]]) -> Skin | T5: Stage III | U5: 10195.07 | V5: 4 | W5: =IF(Y5="Stage 0",RANDBETWEEN(9,10), IF(Y5="Stage I",RANDBETWEEN(7,8), IF(Y5="Stage II",RANDBETWEEN(5,6), IF(Y5="Stage III",RANDBETWEEN(3,4), IF(Y5="Stage IV",RANDBETWEEN(1,2),""))))) -> 4 | X5: 6.05 | Y5: =IF(X5<=2,"Stage 0",IF(X5<=4,"Stage I",IF(X5<=6,"Stage II",IF(X5<=8,"Stage III", "Stage IV")))) -> Stage III | Z5: =IF(U5<>"",U5,ROUND(AVERAGEIF(S5:S535,S5,U5:U535),2)) -> 10195.07
A6: PT0007406 | B6: 56 | C6: Male | D6: =PROPER(Table3[[#This Row],[Gender]]) -> Male | E6: China | F6: =PROPER(Table3[[#This Row],[Country_Region]]) -> China | G6: 2022 | H6: 5.2 | I6: =IF(H6="", AVERAGEIF('CLEANED DATASET'!$G$2:$G$532,G6,'CLEANED DATASET'!$H392),H6) -> 5.2 | J6: 3.7 | K6: =IF(J6="",ROUND(AVERAGEIF(G10:G536,G6,J6:J536),1),J6) -> 3.7 | L6: 4.4 | M6: =IF(L6="", AVERAGEIF(G6:G536, G6,L6:L536),L6) -> 4.4 | N6: 3.8 | O6: =IF(N6="",AVERAGEIF(G6:G536,G6,N6:N536),N6) -> 3.8 | P6: 8.1 | Q6: =IF(P6="",AVERAGEIF(G6:G536,G6,P6:P536),P6) -> 8.1 | R6: Cervical | S6: =PROPER(Table3[[#This Row],[Cancer_Type]]) -> Cervical | T6: Stage I | U6: 8481.64 | V6: 2.2 | W6: =IF(Y6="Stage 0",RANDBETWEEN(9,10), IF(Y6="Stage I",RANDBETWEEN(7,8), IF(Y6="Stage II",RANDBETWEEN(5,6), IF(Y6="Stage III",RANDBETWEEN(3,4), IF(Y6="Stage IV",RANDBETWEEN(1,2),""))))) -> 6 | X6: 5.66 | Y6: =IF(X6<=2,"Stage 0",IF(X6<=4,"Stage I",IF(X6<=6,"Stage II",IF(X6<=8,"Stage III", "Stage IV")))) -> Stage II | Z6: =IF(U6<>"",U6,ROUND(AVERAGEIF(S6:S536,S6,U6:U536),2)) -> 8481.64
A7: PT0008067 | B7: 51 | C7: Male | D7: =PROPER(Table3[[#This Row],[Gender]]) -> Male | E7: Pakistan | F7: =PROPER(Table3[[#This Row],[Country_Region]]) -> Pakistan | G7: 2024 | H7: 0.6 | I7: =IF(H7="", AVERAGEIF('CLEANED DATASET'!$G$2:$G$532,G7,'CLEANED DATASET'!$H21),H7) -> 0.6 | J7: 9.7 | K7: =IF(J7="",ROUND(AVERAGEIF(G11:G537,G7,J7:J537),1),J7) -> 9.7 | L7: 0.8 | M7: =IF(L7="", AVERAGEIF(G7:G537, G7,L7:L537),L7) -> 0.8 | O7: =IF(N7="",AVERAGEIF(G7:G537,G7,N7:N537),N7) -> 5.0527607 | Q7: =IF(P7="",AVERAGEIF(G7:G537,G7,P7:P537),P7) -> 4.2546584 | R7: Leukemia | S7: =PROPER(Table3[[#This Row],[Cancer_Type]]) -> Leukemia | T7: Stage I | U7: 76197.01 | V7: 4.2 | W7: =IF(Y7="Stage 0",RANDBETWEEN(9,10), IF(Y7="Stage I",RANDBETWEEN(7,8), IF(Y7="Stage II",RANDBETWEEN(5,6), IF(Y7="Stage III",RANDBETWEEN(3,4), IF(Y7="Stage IV",RANDBETWEEN(1,2),""))))) -> 7 | X7: 3.16 | Y7: =IF(X7<=2,"Stage 0",IF(X7<=4,"Stage I",IF(X7<=6,"Stage II",IF(X7<=8,"Stage III", "Stage IV")))) -> Stage I | Z7: =IF(U7<>"",U7,ROUND(AVERAGEIF(S7:S537,S7,U7:U537),2)) -> 76197.01
A8: PT0008765 | B8: 29 | C8: Female | D8: =PROPER(Table3[[#This Row],[Gender]]) -> Female | E8: Pakistan | F8: =PROPER(Table3[[#This Row],[Country_Region]]) -> Pakistan | G8: 2022 | H8: 1 | I8: =IF(H8="", AVERAGEIF('CLEANED DATASET'!$G$2:$G$532,G8,'CLEANED DATASET'!$H522),H8) -> 1 | J8: 9.2 | K8: =IF(J8="",ROUND(AVERAGEIF(G12:G538,G8,J8:J538),1),J8) -> 9.2 | L8: 3.7 | M8: =IF(L8="", AVERAGEIF(G8:G538, G8,L8:L538),L8) -> 3.7 | N8: 3.4 | O8: =IF(N8="",AVERAGEIF(G8:G538,G8,N8:N538),N8) -> 3.4 | P8: 2.5 | Q8: =IF(P8="",AVERAGEIF(G8:G538,G8,P8:P538),P8) -> 2.5 | R8: Cervical | S8: =PROPER(Table3[[#This Row],[Cancer_Type]]) -> Cervical | T8: Stage II | V8: 6.3 | W8: =IF(Y8="Stage 0",RANDBETWEEN(9,10), IF(Y8="Stage I",RANDBETWEEN(7,8), IF(Y8="Stage II",RANDBETWEEN(5,6), IF(Y8="Stage III",RANDBETWEEN(3,4), IF(Y8="Stage IV",RANDBETWEEN(1,2),""))))) -> 6 | X8: 4.5 | Y8: =IF(X8<=2,"Stage 0",IF(X8<=4,"Stage I",IF(X8<=6,"Stage II",IF(X8<=8,"Stage III", "Stage IV")))) -> Stage II | Z8: 51711.04
A9: PT0008770 | B9: 73 | C9: Other | D9: =PROPER(Table3[[#This Row],[Gender]]) -> Other | E9: Brazil | F9: =PROPER(Table3[[#This Row],[Country_Region]]) -> Brazil | G9: 2023 | H9: 8.5 | I9: =IF(H9="", AVERAGEIF('CLEANED DATASET'!$G$2:$G$532,G9,'CLEANED DATASET'!$H268),H9) -> 8.5 | J9: 5.7 | K9: =IF(J9="",ROUND(AVERAGEIF(G13:G539,G9,J9:J539),1),J9) -> 5.7 | L9: 0.6 | M9: =IF(L9="", AVERAGEIF(G9:G539, G9,L9:L539),L9) -> 0.6 | N9: 4.3 | O9: =IF(N9="",AVERAGEIF(G9:G539,G9,N9:N539),N9) -> 4.3 | P9: 2.9 | Q9: =IF(P9="",AVERAGEIF(G9:G539,G9,P9:P539),P9) -> 2.9 | R9: Liver | S9: =PROPER(Table3[[#This Row],[Cancer_Type]]) -> Liver | T9: Stage I | U9: 60883.56 | V9: 10 | W9: =IF(Y9="Stage 0",RANDBETWEEN(9,10), IF(Y9="Stage I",RANDBETWEEN(7,8), IF(Y9="Stage II",RANDBETWEEN(5,6), IF(Y9="Stage III",RANDBETWEEN(3,4), IF(Y9="Stage IV",RANDBETWEEN(1,2),""))))) -> 5 | X9: 4.58 | Y9: =IF(X9<=2,"Stage 0",IF(X9<=4,"Stage I",IF(X9<=6,"Stage II",IF(X9<=8,"Stage III", "Stage IV")))) -> Stage II | Z9: =IF(U9<>"",U9,ROUND(AVERAGEIF(S9:S539,S9,U9:U539),2)) -> 60883.56
A10: PT0008867 | B10: 29 | C10: Unknown | D10: =PROPER(Table3[[#This Row],[Gender]]) -> Unknown | E10: Canada | F10: =PROPER(Table3[[#This Row],[Country_Region]]) -> Canada | G10: 2024 | I10: =IF(H10="", AVERAGEIF('CLEANED DATASET'!$G$2:$G$532,G10,'CLEANED DATASET'!$H485),H10) -> 4.0736842 | J10: 3.5 | K10: =IF(J10="",ROUND(AVERAGEIF(G14:G540,G10,J10:J540),1),J10) -> 3.5 | L10: 7.1 | M10: =IF(L10="", AVERAGEIF(G10:G540, G10,L10:L540),L10) -> 7.1 | N10: 2.2 | O10: =IF(N10="",AVERAGEIF(G10:G540,G10,N10:N540),N10) -> 2.2 | P10: 3.6 | Q10: =IF(P10="",AVERAGEIF(G10:G540,G10,P10:P540),P10) -> 3.6 | R10: Prostate | S10: =PROPER(Table3[[#This Row],[Cancer_Type]]) -> Prostate | T10: Stage 0 | U10: 94485.75 | V10: 1.8 | W10: =IF(Y10="Stage 0",RANDBETWEEN(9,10), IF(Y10="Stage I",RANDBETWEEN(7,8), IF(Y10="Stage II",RANDBETWEEN(5,6), IF(Y10="Stage III",RANDBETWEEN(3,4), IF(Y10="Stage IV",RANDBETWEEN(1,2),""))))) -> 8 | X10: 3.3 | Y10: =IF(X10<=2,"Stage 0",IF(X10<=4,"Stage I",IF(X10<=6,"Stage II",IF(X10<=8,"Stage III", "Stage IV")))) -> Stage I | Z10: =IF(U10<>"",U10,ROUND(AVERAGEIF(S10:S540,S10,U10:U540),2)) -> 94485.75
A11: PT0009237 | B11: 33 | C11: Female | D11: =PROPER(Table3[[#This Row],[Gender]]) -> Female | E11: Pakistan | F11: =PROPER(Table3[[#This Row],[Country_Region]]) -> Pakistan | G11: 2023 | H11: 7.7 | I11: =IF(H11="", AVERAGEIF('CLEANED DATASET'!$G$2:$G$532,G11,'CLEANED DATASET'!$H160),H11) -> 7.7 | J11: 4.5 | K11: =IF(J11="",ROUND(AVERAGEIF(G15:G541,G11,J11:J541),1),J11) -> 4.5 | L11: 2.4 | M11: =IF(L11="", AVERAGEIF(G11:G541, G11,L11:L541),L11) -> 2.4 | N11: 2.3 | O11: =IF(N11="",AVERAGEIF(G11:G541,G11,N11:N541),N11) -> 2.3 | P11: 5.2 | Q11: =IF(P11="",AVERAGEIF(G11:G541,G11,P11:P541),P11) -> 5.2 | R11: Colon | S11: =PROPER(Table3[[#This Row],[Cancer_Type]]) -> Colon | T11: Stage III | U11: 43439 | V11: 4.1 | W11: =IF(Y11="Stage 0",RANDBETWEEN(9,10), IF(Y11="Stage I",RANDBETWEEN(7,8), IF(Y11="Stage II",RANDBETWEEN(5,6), IF(Y11="Stage III",RANDBETWEEN(3,4), IF(Y11="Stage IV",RANDBETWEEN(1,2),""))))) -> 6 | X11: 4.69 | Y11: =IF(X11<=2,"Stage 0",IF(X11<=4,"Stage I",IF(X11<=6,"Stage II",IF(X11<=8,"Stage III", "Stage IV")))) -> Stage II | Z11: =IF(U11<>"",U11,ROUND(AVERAGEIF(S11:S541,S11,U11:U541),2)) -> 43439
A12: PT0009519 | B12: 23 | C12: Other | D12: =PROPER(Table3[[#This Row],[Gender]]) -> Other | E12: indIA | F12: =PROPER(Table3[[#This Row],[Country_Region]]) -> India | G12: 2024 | H12: 1.6 | I12: =IF(H12="", AVERAGEIF('CLEANED DATASET'!$G$2:$G$532,G12,'CLEANED DATASET'!$H294),H12) -> 1.6 | J12: 0.5 | K12: =IF(J12="",ROUND(AVERAGEIF(G16:G542,G12,J12:J542),1),J12) -> 0.5 | L12: 3.5 | M12: =IF(L12="", AVERAGEIF(G12:G542, G12,L12:L542),L12) -> 3.5 | N12: 4.6 | O12: =IF(N12="",AVERAGEIF(G12:G542,G12,N12:N542),N12) -> 4.6 | P12: 7.8 | Q12: =IF(P12="",AVERAGEIF(G12:G542,G12,P12:P542),P12) -> 7.8 | R12: Leukemia | S12: =PROPER(Table3[[#This Row],[Cancer_Type]]) -> Leukemia | T12: Stage I | U12: 66140.43 | V12: 6.8 | W12: =IF(Y12="Stage 0",RANDBETWEEN(9,10), IF(Y12="Stage I",RANDBETWEEN(7,8), IF(Y12="Stage II",RANDBETWEEN(5,6), IF(Y12="Stage III",RANDBETWEEN(3,4), IF(Y12="Stage IV",RANDBETWEEN(1,2),""))))) -> 8 | X12: 3.3 | Y12: =IF(X12<=2,"Stage 0",IF(X12<=4,"Stage I",IF(X12<=6,"Stage II",IF(X12<=8,"Stage III", "Stage IV")))) -> Stage I | Z12: =IF(U12<>"",U12,ROUND(AVERAGEIF(S12:S542,S12,U12:U542),2)) -> 66140.43
A13: PT0009578 | B13: 47 | C13: Male | D13: =PROPER(Table3[[#This Row],[Gender]]) -> Male | E13: USA | F13: =PROPER(Table3[[#This Row],[Country_Region]]) -> Usa | G13: 2024 | H13: 7.7 | I13: =IF(H13="", AVERAGEIF('CLEANED DATASET'!$G$2:$G$532,G13,'CLEANED DATASET'!$H526),H13) -> 7.7 | J13: 0.9 | K13: =IF(J13="",ROUND(AVERAGEIF(G17:G543,G13,J13:J543),1),J13) -> 0.9 | L13: 3 | M13: =IF(L13="", AVERAGEIF(G13:G543, G13,L13:L543),L13) -> 3 | N13: 6.5 | O13: =IF(N13="",AVERAGEIF(G13:G543,G13,N13:N543),N13) -> 6.5 | P13: 5.9 | Q13: =IF(P13="",AVERAGEIF(G13:G543,G13,P13:P543),P13) -> 5.9 | R13: Leukemia | S13: =PROPER(Table3[[#This Row],[Cancer_Type]]) -> Leukemia | T13: Stage IV | U13: 51804.21 | V13: 3.8 | W13: =IF(Y13="Stage 0",RANDBETWEEN(9,10), IF(Y13="Stage I",RANDBETWEEN(7,8), IF(Y13="Stage II",RANDBETWEEN(5,6), IF(Y13="Stage III",RANDBETWEEN(3,4), IF(Y13="Stage IV",RANDBETWEEN(1,2),""))))) -> 6 | X13: 4.98 | Y13: =IF(X13<=2,"Stage 0",IF(X13<=4,"Stage I",IF(X13<=6,"Stage II",IF(X13<=8,"Stage III", "Stage IV")))) -> Stage II | Z13: =IF(U13<>"",U13,ROUND(AVERAGEIF(S13:S543,S13,U13:U543),2)) -> 51804.21
A14: PT0009724 | B14: 48 | C14: Male | D14: =PROPER(Table3[[#This Row],[Gender]]) -> Male | E14: Australia | F14: =PROPER(Table3[[#This Row],[Country_Region]]) -> Australia | G14: 2022 | H14: 4.5 | I14: =IF(H14="", AVERAGEIF('CLEANED DATASET'!$G$2:$G$532,G14,'CLEANED DATASET'!$H387),H14) -> 4.5 | J14: 8.3 | K14: =IF(J14="",ROUND(AVERAGEIF(G18:G544,G14,J14:J544),1),J14) -> 8.3 | L14: 5.9 | M14: =IF(L14="", AVERAGEIF(G14:G544, G14,L14:L544),L14) -> 5.9 | N14: 2.1 | O14: =IF(N14="",AVERAGEIF(G14:G544,G14,N14:N544),N14) -> 2.1 | P14: 7 | Q14: =IF(P14="",AVERAGEIF(G14:G544,G14,P14:P544),P14) -> 7 | R14: Leukemia | S14: =PROPER(Table3[[#This Row],[Cancer_Type]]) -> Leukemia | T14: Stage I | U14: 67604.88 | V14: 0.3 | W14: =IF(Y14="Stage 0",RANDBETWEEN(9,10), IF(Y14="Stage I",RANDBETWEEN(7,8), IF(Y14="Stage II",RANDBETWEEN(5,6), IF(Y14="Stage III",RANDBETWEEN(3,4), IF(Y14="Stage IV",RANDBETWEEN(1,2),""))))) -> 5 | X14: 4.8 | Y14: =IF(X14<=2,"Stage 0",IF(X14<=4,"Stage I",IF(X14<=6,"Stage II",IF(X14<=8,"Stage III", "Stage IV")))) -> Stage II | Z14: =IF(U14<>"",U14,ROUND(AVERAGEIF(S14:S544,S14,U14:U544),2)) -> 67604.88
A15: PT0009788 | B15: 82 | C15: Male | D15: =PROPER(Table3[[#This Row],[Gender]]) -> Male | E15: Brazil | F15: =PROPER(Table3[[#This Row],[Country_Region]]) -> Brazil | G15: 2024 | H15: 6.3 | I15: =IF(H15="", AVERAGEIF('CLEANED DATASET'!$G$2:$G$532,G15,'CLEANED DATASET'!$H507),H15) -> 6.3 | J15: 6.4 | K15: =IF(J15="",ROUND(AVERAGEIF(G19:G545,G15,J15:J545),1),J15) -> 6.4 | L15: 3.8 | M15: =IF(L15="", AVERAGEIF(G15:G545, G15,L15:L545),L15) -> 3.8 | N15: 8.2 | O15: =IF(N15="",AVERAGEIF(G15:G545,G15,N15:N545),N15) -> 8.2 | P15: 2.1 | Q15: =IF(P15="",AVERAGEIF(G15:G545,G15,P15:P545),P15) -> 2.1 | R15: Colon | S15: =PROPER(Table3[[#This Row],[Cancer_Type]]) -> Colon | T15: Stage 0 | U15: 23446.24 | V15: 8.2 | W15: =IF(Y15="Stage 0",RANDBETWEEN(9,10), IF(Y15="Stage I",RANDBETWEEN(7,8), IF(Y15="Stage II",RANDBETWEEN(5,6), IF(Y15="Stage III",RANDBETWEEN(3,4), IF(Y15="Stage IV",RANDBETWEEN(1,2),""))))) -> 4 | X15: 6.17 | Y15: =IF(X15<=2,"Stage 0",IF(X15<=4,"Stage I",IF(X15<=6,"Stage II",IF(X15<=8,"Stage III", "Stage IV")))) -> Stage III | Z15: =IF(U15<>"",U15,ROUND(AVERAGEIF(S15:S545,S15,U15:U545),2)) -> 23446.24
A16: PT0009894 | B16: 39 | C16: Unknown | D16: =PROPER(Table3[[#This Row],[Gender]]) -> Unknown | E16: China | F16: =PROPER(Table3[[#This Row],[Country_Region]]) -> China | G16: 2022 | H16: 8.5 | I16: =IF(H16="", AVERAGEIF('CLEANED DATASET'!$G$2:$G$532,G16,'CLEANED DATASET'!$H463),H16) -> 8.5 | J16: 2.7 | K16: =IF(J16="",ROUND(AVERAGEIF(G20:G546,G16,J16:J546),1),J16) -> 2.7 | L16: 6.6 | M16: =IF(L16="", AVERAGEIF(G16:G546, G16,L16:L546),L16) -> 6.6 | N16: 7.6 | O16: =IF(N16="",AVERAGEIF(G16:G546,G16,N16:N546),N16) -> 7.6 | P16: 8.8 | Q16: =IF(P16="",AVERAGEIF(G16:G546,G16,P16:P546),P16) -> 8.8 | R16: Lung | S16: =PROPER(Table3[[#This Row],[Cancer_Type]]) -> Lung | U16: 73059.18 | V16: 5.3 | W16: =IF(Y16="Stage 0",RANDBETWEEN(9,10), IF(Y16="Stage I",RANDBETWEEN(7,8), IF(Y16="Stage II",RANDBETWEEN(5,6), IF(Y16="Stage III",RANDBETWEEN(3,4), IF(Y16="Stage IV",RANDBETWEEN(1,2),""))))) -> 3 | X16: 6.03 | Y16: =IF(X16<=2,"Stage 0",IF(X16<=4,"Stage I",IF(X16<=6,"Stage II",IF(X16<=8,"Stage III", "Stage IV")))) -> Stage III | Z16: =IF(U16<>"",U16,ROUND(AVERAGEIF(S16:S546,S16,U16:U546),2)) -> 73059.18
A17: PT0009964 | B17: 76 | C17: Male | D17: =PROPER(Table3[[#This Row],[Gender]]) -> Male | E17: Pakistan | F17: =PROPER(Table3[[#This Row],[Country_Region]]) -> Pakistan | G17: 2024 | H17: 0.7 | I17: =IF(H17="", AVERAGEIF('CLEANED DATASET'!$G$2:$G$532,G17,'CLEANED DATASET'!$H404),H17) -> 0.7 | J17: 5.5 | K17: =IF(J17="",ROUND(AVERAGEIF(G21:G547,G17,J17:J547),1),J17) -> 5.5 | L17: 7.7 | M17: =IF(L17="", AVERAGEIF(G17:G547, G17,L17:L547),L17) -> 7.7 | N17: 8.1 | O17: =IF(N17="",AVERAGEIF(G17:G547,G17,N17:N547),N17) -> 8.1 | P17: 1.3 | Q17: =IF(P17="",AVERAGEIF(G17:G547,G17,P17:P547),P17) -> 1.3 | R17: Colon | S17: =PROPER(Table3[[#This Row],[Cancer_Type]]) -> Colon | T17: Stage IV | U17: 38236.05 | V17: 4 | W17: =IF(Y17="Stage 0",RANDBETWEEN(9,10), IF(Y17="Stage I",RANDBETWEEN(7,8), IF(Y17="Stage II",RANDBETWEEN(5,6), IF(Y17="Stage III",RANDBETWEEN(3,4), IF(Y17="Stage IV",RANDBETWEEN(1,2),""))))) -> 6 | X17: 5.11 | Y17: =IF(X17<=2,"Stage 0",IF(X17<=4,"Stage I",IF(X17<=6,"Stage II",IF(X17<=8,"Stage III", "Stage IV")))) -> Stage II | Z17: =IF(U17<>"",U17,ROUND(AVERAGEIF(S17:S547,S17,U17:U547),2)) -> 38236.05
A18: PT0010069 | B18: 84 | C18: Female | D18: =PROPER(Table3[[#This Row],[Gender]]) -> Female | E18: Brazil | F18: =PROPER(Table3[[#This Row],[Country_Region]]) -> Brazil | G18: 2022 | H18: 8.4 | I18: =IF(H18="", AVERAGEIF('CLEANED DATASET'!$G$2:$G$532,G18,'CLEANED DATASET'!$H61),H18) -> 8.4 | J18: 6.3 | K18: =IF(J18="",ROUND(AVERAGEIF(G22:G548,G18,J18:J548),1),J18) -> 6.3 | L18: 1.9 | M18: =IF(L18="", AVERAGEIF(G18:G548, G18,L18:L548),L18) -> 1.9 | N18: 1.9 | O18: =IF(N18="",AVERAGEIF(G18:G548,G18,N18:N548),N18) -> 1.9 | P18: 8.5 | Q18: =IF(P18="",AVERAGEIF(G18:G548,G18,P18:P548),P18) -> 8.5 | R18: UnKnoWn | S18: =PROPER(Table3[[#This Row],[Cancer_Type]]) -> Unknown | T18: Stage II | U18: 78070.97 | V18: 3.1 | W18: =IF(Y18="Stage 0",RANDBETWEEN(9,10), IF(Y18="Stage I",RANDBETWEEN(7,8), IF(Y18="Stage II",RANDBETWEEN(5,6), IF(Y18="Stage III",RANDBETWEEN(3,4), IF(Y18="Stage IV",RANDBETWEEN(1,2),""))))) -> 6 | X18: 4.58 | Y18: =IF(X18<=2,"Stage 0",IF(X18<=4,"Stage I",IF(X18<=6,"Stage II",IF(X18<=8,"Stage III", "Stage IV")))) -> Stage II | Z18: =IF(U18<>"",U18,ROUND(AVERAGEIF(S18:S548,S18,U18:U548),2)) -> 78070.97
A19: PT0010207 | B19: 45 | C19: Male | D19: =PROPER(Table3[[#This Row],[Gender]]) -> Male | E19: Germany | F19: =PROPER(Table3[[#This Row],[Country_Region]]) -> Germany | G19: 2024 | H19: 6 | I19: =IF(H19="", AVERAGEIF('CLEANED DATASET'!$G$2:$G$532,G19,'CLEANED DATASET'!$H112),H19) -> 6 | J19: 5.7 | K19: =IF(J19="",ROUND(AVERAGEIF(G23:G549,G19,J19:J549),1),J19) -> 5.7 | L19: 3.2 | M19: =IF(L19="", AVERAGEIF(G19:G549, G19,L19:L549),L19) -> 3.2 | N19: 1.2 | O19: =IF(N19="",AVERAGEIF(G19:G549,G19,N19:N549),N19) -> 1.2 | P19: 6.3 | Q19: =IF(P19="",AVERAGEIF(G19:G549,G19,P19:P549),P19) -> 6.3 | R19: Lung | S19: =PROPER(Table3[[#This Row],[Cancer_Type]]) -> Lung | U19: 89146.62 | V19: 6.1 | W19: =IF(Y19="Stage 0",RANDBETWEEN(9,10), IF(Y19="Stage I",RANDBETWEEN(7,8), IF(Y19="Stage II",RANDBETWEEN(5,6), IF(Y19="Stage III",RANDBETWEEN(3,4), IF(Y19="Stage IV",RANDBETWEEN(1,2),""))))) -> 8 | X19: 3.62 | Y19: =IF(X19<=2,"Stage 0",IF(X19<=4,"Stage I",IF(X19<=6,"Stage II",IF(X19<=8,"Stage III", "Stage IV")))) -> Stage I | Z19: =IF(U19<>"",U19,ROUND(AVERAGEIF(S19:S549,S19,U19:U549),2)) -> 89146.62
A20: PT0010331 | B20: 35 | C20: Unknown | D20: =PROPER(Table3[[#This Row],[Gender]]) -> Unknown | E20: Brazil | F20: =PROPER(Table3[[#This Row],[Country_Region]]) -> Brazil | G20: 2023 | H20: 3.3 | I20: =IF(H20="", AVERAGEIF('CLEANED DATASET'!$G$2:$G$532,G20,'CLEANED DATASET'!$H325),H20) -> 3.3 | J20: 6.1 | K20: =IF(J20="",ROUND(AVERAGEIF(G24:G550,G20,J20:J550),1),J20) -> 6.1 | L20: 0.8 | M20: =IF(L20="", AVERAGEIF(G20:G550, G20,L20:L550),L20) -> 0.8 | N20: 0.4 | O20: =IF(N20="",AVERAGEIF(G20:G550,G20,N20:N550),N20) -> 0.4 | P20: 9.8 | Q20: =IF(P20="",AVERAGEIF(G20:G550,G20,P20:P550),P20) -> 9.8 | R20: unknown | S20: =PROPER(Table3[[#This Row],[Cancer_Type]]) -> Unknown | U20: 15035.87 | V20: 4.2 | W20: =IF(Y20="Stage 0",RANDBETWEEN(9,10), IF(Y20="Stage I",RANDBETWEEN(7,8), IF(Y20="Stage II",RANDBETWEEN(5,6), IF(Y20="Stage III",RANDBETWEEN(3,4), IF(Y20="Stage IV",RANDBETWEEN(1,2),""))))) -> 6 | X20: 4.45 | Y20: =IF(X20<=2,"Stage 0",IF(X20<=4,"Stage I",IF(X20<=6,"Stage II",IF(X20<=8,"Stage III", "Stage IV")))) -> Stage II | Z20: =IF(U20<>"",U20,ROUND(AVERAGEIF(S20:S550,S20,U20:U550),2)) -> 15035.87
A21: PT0010397 | B21: 41 | C21: Female | D21: =PROPER(Table3[[#This Row],[Gender]]) -> Female | E21: Germany | F21: =PROPER(Table3[[#This Row],[Country_Region]]) -> Germany | G21: 2022 | H21: 7.7 | I21: =IF(H21="", AVERAGEIF('CLEANED DATASET'!$G$2:$G$532,G21,'CLEANED DATASET'!$H109),H21) -> 7.7 | J21: 8.5 | K21: =IF(J21="",ROUND(AVERAGEIF(G25:G551,G21,J21:J551),1),J21) -> 8.5 | L21: 8.2 | M21: =IF(L21="", AVERAGEIF(G21:G551, G21,L21:L551),L21) -> 8.2 | N21: 5.4 | O21: =IF(N21="",AVERAGEIF(G21:G551,G21,N21:N551),N21) -> 5.4 | P21: 7.6 | Q21: =IF(P21="",AVERAGEIF(G21:G551,G21,P21:P551),P21) -> 7.6 | R21: Colon | S21: =PROPER(Table3[[#This Row],[Cancer_Type]]) -> Colon | U21: 95857.65 | V21: =ROUND(10-((I21+K21+M21+O21+Q21)/5),1) -> 2.5 | W21: =IF(Y21="Stage 0",RANDBETWEEN(9,10), IF(Y21="Stage I",RANDBETWEEN(7,8), IF(Y21="Stage II",RANDBETWEEN(5,6), IF(Y21="Stage III",RANDBETWEEN(3,4), IF(Y21="Stage IV",RANDBETWEEN(1,2),""))))) -> 5 | X21: 5.97 | Y21: =IF(X21<=2,"Stage 0",IF(X21<=4,"Stage I",IF(X21<=6,"Stage II",IF(X21<=8,"Stage III", "Stage IV")))) -> Stage II | Z21: =IF(U21<>"",U21,ROUND(AVERAGEIF(S21:S551,S21,U21:U551),2)) -> 95857.65
A22: PT0010482 | B22: 24 | C22: Male | D22: =PROPER(Table3[[#This Row],[Gender]]) -> Male | E22: Canada | F22: =PROPER(Table3[[#This Row],[Country_Region]]) -> Canada | G22: 2024 | H22: 6.7 | I22: =IF(H22="", AVERAGEIF('CLEANED DATASET'!$G$2:$G$532,G22,'CLEANED DATASET'!$H10),H22) -> 6.7 | J22: 6.2 | K22: =IF(J22="",ROUND(AVERAGEIF(G26:G552,G22,J22:J552),1),J22) -> 6.2 | L22: 0.5 | M22: =IF(L22="", AVERAGEIF(G22:G552, G22,L22:L552),L22) -> 0.5 | N22: 3.9 | O22: =IF(N22="",AVERAGEIF(G22:G552,G22,N22:N552),N22) -> 3.9 | P22: 9.4 | Q22: =IF(P22="",AVERAGEIF(G22:G552,G22,P22:P552),P22) -> 9.4 | R22: Breast | S22: =PROPER(Table3[[#This Row],[Cancer_Type]]) -> Breast | T22: Stage II | U22: 23864.53 | V22: 6.2 | W22: =IF(Y22="Stage 0",RANDBETWEEN(9,10), IF(Y22="Stage I",RANDBETWEEN(7,8), IF(Y22="Stage II",RANDBETWEEN(5,6), IF(Y22="Stage III",RANDBETWEEN(3,4), IF(Y22="Stage IV",RANDBETWEEN(1,2),""))))) -> 6 | X22: 5.59 | Y22: =IF(X22<=2,"Stage 0",IF(X22<=4,"Stage I",IF(X22<=6,"Stage II",IF(X22<=8,"Stage III", "Stage IV")))) -> Stage II | Z22: =IF(U22<>"",U22,ROUND(AVERAGEIF(S22:S552,S22,U22:U552),2)) -> 23864.53
A23: PT0010560 | B23: 22 | C23: Male | D23: =PROPER(Table3[[#This Row],[Gender]]) -> Male | E23: India | F23: =PROPER(Table3[[#This Row],[Country_Region]]) -> India | G23: 2023 | H23: 4.2 | I23: =IF(H23="", AVERAGEIF('CLEANED DATASET'!$G$2:$G$532,G23,'CLEANED DATASET'!$H16),H23) -> 4.2 | J23: 0.1 | K23: =IF(J23="",ROUND(AVERAGEIF(G27:G553,G23,J23:J553),1),J23) -> 0.1 | L23: 6.9 | M23: =IF(L23="", AVERAGEIF(G23:G553, G23,L23:L553),L23) -> 6.9 | N23: 7.9 | O23: =IF(N23="",AVERAGEIF(G23:G553,G23,N23:N553),N23) -> 7.9 | P23: 0.9 | Q23: =IF(P23="",AVERAGEIF(G23:G553,G23,P23:P553),P23) -> 0.9 | R23: Unknown | S23: =PROPER(Table3[[#This Row],[Cancer_Type]]) -> Unknown | T23: Stage IV | U23: 66182.17 | V23: 9 | W23: =IF(Y23="Stage 0",RANDBETWEEN(9,10), IF(Y23="Stage I",RANDBETWEEN(7,8), IF(Y23="Stage II",RANDBETWEEN(5,6), IF(Y23="Stage III",RANDBETWEEN(3,4), IF(Y23="Stage IV",RANDBETWEEN(1,2),""))))) -> 5 | X23: 4.24 | Y23: =IF(X23<=2,"Stage 0",IF(X23<=4,"Stage I",IF(X23<=6,"Stage II",IF(X23<=8,"Stage III", "Stage IV")))) -> Stage II | Z23: =IF(U23<>"",U23,ROUND(AVERAGEIF(S23:S553,S23,U23:U553),2)) -> 66182.17
A24: PT0010634 | B24: 54 | C24: Unknown | D24: =PROPER(Table3[[#This Row],[Gender]]) -> Unknown | E24: canada | F24: =PROPER(Table3[[#This Row],[Country_Region]]) -> Canada | G24: 2023 | H24: 3.5 | I24: =IF(H24="", AVERAGEIF('CLEANED DATASET'!$G$2:$G$532,G24,'CLEANED DATASET'!$H183),H24) -> 3.5 | J24: 5.2 | K24: =IF(J24="",ROUND(AVERAGEIF(G28:G554,G24,J24:J554),1),J24) -> 5.2 | L24: 9.5 | M24: =IF(L24="", AVERAGEIF(G24:G554, G24,L24:L554),L24) -> 9.5 | N24: 5.2 | O24: =IF(N24="",AVERAGEIF(G24:G554,G24,N24:N554),N24) -> 5.2 | P24: 9.1 | Q24: =IF(P24="",AVERAGEIF(G24:G554,G24,P24:P554),P24) -> 9.1 | R24: UNKNOWN | S24: =PROPER(Table3[[#This Row],[Cancer_Type]]) -> Unknown | T24: Stage I | U24: 98864.58 | V24: 7.4 | W24: =IF(Y24="Stage 0",RANDBETWEEN(9,10), IF(Y24="Stage I",RANDBETWEEN(7,8), IF(Y24="Stage II",RANDBETWEEN(5,6), IF(Y24="Stage III",RANDBETWEEN(3,4), IF(Y24="Stage IV",RANDBETWEEN(1,2),""))))) -> 5 | X24: 4.88 | Y24: =IF(X24<=2,"Stage 0",IF(X24<=4,"Stage I",IF(X24<=6,"Stage II",IF(X24<=8,"Stage III", "Stage IV")))) -> Stage II | Z24: =IF(U24<>"",U24,ROUND(AVERAGEIF(S24:S554,S24,U24:U554),2)) -> 98864.58
A25: PT0010748 | B25: 79 | C25: Other | D25: =PROPER(Table3[[#This Row],[Gender]]) -> Other | E25: Pakistan | F25: =PROPER(Table3[[#This Row],[Country_Region]]) -> Pakistan | G25: 2022 | H25: 1.2 | I25: =IF(H25="", AVERAGEIF('CLEANED DATASET'!$G$2:$G$532,G25,'CLEANED DATASET'!$H258),H25) -> 1.2 | J25: 0.8 | K25: =IF(J25="",ROUND(AVERAGEIF(G29:G555,G25,J25:J555),1),J25) -> 0.8 | M25: =IF(L25="", AVERAGEIF(G25:G555, G25,L25:L555),L25) -> 4.8648148 | N25: 3.4 | O25: =IF(N25="",AVERAGEIF(G25:G555,G25,N25:N555),N25) -> 3.4 | P25: 0.9 | Q25: =IF(P25="",AVERAGEIF(G25:G555,G25,P25:P555),P25) -> 0.9 | R25: Leukemia | S25: =PROPER(Table3[[#This Row],[Cancer_Type]]) -> Leukemia | T25: Stage III | U25: 69802.05 | V25: 6.6 | W25: =IF(Y25="Stage 0",RANDBETWEEN(9,10), IF(Y25="Stage I",RANDBETWEEN(7,8), IF(Y25="Stage II",RANDBETWEEN(5,6), IF(Y25="Stage III",RANDBETWEEN(3,4), IF(Y25="Stage IV",RANDBETWEEN(1,2),""))))) -> 7 | X25: 2.36 | Y25: =IF(X25<=2,"Stage 0",IF(X25<=4,"Stage I",IF(X25<=6,"Stage II",IF(X25<=8,"Stage III", "Stage IV")))) -> Stage I | Z25: =IF(U25<>"",U25,ROUND(AVERAGEIF(S25:S555,S25,U25:U555),2)) -> 69802.05
A26: PT0010771 | B26: 38 | C26: Male | D26: =PROPER(Table3[[#This Row],[Gender]]) -> Male | E26: Canada | F26: =PROPER(Table3[[#This Row],[Country_Region]]) -> Canada | G26: 2022 | H26: 6.2 | I26: =IF(H26="", AVERAGEIF('CLEANED DATASET'!$G$2:$G$532,G26,'CLEANED DATASET'!$H135),H26) -> 6.2 | J26: 5.7 | K26: =IF(J26="",ROUND(AVERAGEIF(G30:G556,G26,J26:J556),1),J26) -> 5.7 | L26: 6.4 | M26: =IF(L26="", AVERAGEIF(G26:G556, G26,L26:L556),L26) -> 6.4 | O26: =IF(N26="",AVERAGEIF(G26:G556,G26,N26:N556),N26) -> 4.6404908 | P26: 3.4 | Q26: =IF(P26="",AVERAGEIF(G26:G556,G26,P26:P556),P26) -> 3.4 | R26: Breast | S26: =PROPER(Table3[[#This Row],[Cancer_Type]]) -> Breast | T26: Stage 0 | U26: 59531.44 | V26: 6.5 | W26: =IF(Y26="Stage 0",RANDBETWEEN(9,10), IF(Y26="Stage I",RANDBETWEEN(7,8), IF(Y26="Stage II",RANDBETWEEN(5,6), IF(Y26="Stage III",RANDBETWEEN(3,4), IF(Y26="Stage IV",RANDBETWEEN(1,2),""))))) -> 5 | X26: 5.04 | Y26: =IF(X26<=2,"Stage 0",IF(X26<=4,"Stage I",IF(X26<=6,"Stage II",IF(X26<=8,"Stage III", "Stage IV")))) -> Stage II | Z26: =IF(U26<>"",U26,ROUND(AVERAGEIF(S26:S556,S26,U26:U556),2)) -> 59531.44
A27: PT0010867 | B27: 41 | C27: Unknown | D27: =PROPER(Table3[[#This Row],[Gender]]) -> Unknown | E27: Germany | F27: =PROPER(Table3[[#This Row],[Country_Region]]) -> Germany | G27: 2023 | H27: 0.7 | I27: =IF(H27="", AVERAGEIF('CLEANED DATASET'!$G$2:$G$532,G27,'CLEANED DATASET'!$H129),H27) -> 0.7 | J27: 4.4 | K27: =IF(J27="",ROUND(AVERAGEIF(G31:G557,G27,J27:J557),1),J27) -> 4.4 | L27: 7.1 | M27: =IF(L27="", AVERAGEIF(G27:G557, G27,L27:L557),L27) -> 7.1 | N27: 2 | O27: =IF(N27="",AVERAGEIF(G27:G557,G27,N27:N557),N27) -> 2 | P27: 2.6 | Q27: =IF(P27="",AVERAGEIF(G27:G557,G27,P27:P557),P27) -> 2.6 | R27: Cervical | S27: =PROPER(Table3[[#This Row],[Cancer_Type]]) -> Cervical | T27: Stage II | U27: 60800.41 | V27: 9.7 | W27: =IF(Y27="Stage 0",RANDBETWEEN(9,10), IF(Y27="Stage I",RANDBETWEEN(7,8), IF(Y27="Stage II",RANDBETWEEN(5,6), IF(Y27="Stage III",RANDBETWEEN(3,4), IF(Y27="Stage IV",RANDBETWEEN(1,2),""))))) -> 7 | X27: 3.31 | Y27: =IF(X27<=2,"Stage 0",IF(X27<=4,"Stage I",IF(X27<=6,"Stage II",IF(X27<=8,"Stage III", "Stage IV")))) -> Stage I | Z27: =IF(U27<>"",U27,ROUND(AVERAGEIF(S27:S557,S27,U27:U557),2)) -> 60800.41
A28: PT0010978 | B28: 50 | C28: Male | D28: =PROPER(Table3[[#This Row],[Gender]]) -> Male | E28: Australia | F28: =PROPER(Table3[[#This Row],[Country_Region]]) -> Australia | G28: 2024 | H28: 9.2 | I28: =IF(H28="", AVERAGEIF('CLEANED DATASET'!$G$2:$G$532,G28,'CLEANED DATASET'!$H467),H28) -> 9.2 | J28: 8.2 | K28: =IF(J28="",ROUND(AVERAGEIF(G32:G558,G28,J28:J558),1),J28) -> 8.2 | L28: 4.5 | M28: =IF(L28="", AVERAGEIF(G28:G558, G28,L28:L558),L28) -> 4.5 | N28: 0.8 | O28: =IF(N28="",AVERAGEIF(G28:G558,G28,N28:N558),N28) -> 0.8 | P28: 8.8 | Q28: =IF(P28="",AVERAGEIF(G28:G558,G28,P28:P558),P28) -> 8.8 | R28: Lung | S28: =PROPER(Table3[[#This Row],[Cancer_Type]]) -> Lung | T28: Stage I | U28: 46714.31 | V28: 2.6 | W28: =IF(Y28="Stage 0",RANDBETWEEN(9,10), IF(Y28="Stage I",RANDBETWEEN(7,8), IF(Y28="Stage II",RANDBETWEEN(5,6), IF(Y28="Stage III",RANDBETWEEN(3,4), IF(Y28="Stage IV",RANDBETWEEN(1,2),""))))) -> 6 | X28: 5.85 | Y28: =IF(X28<=2,"Stage 0",IF(X28<=4,"Stage I",IF(X28<=6,"Stage II",IF(X28<=8,"Stage III", "Stage IV")))) -> Stage II | Z28: =IF(U28<>"",U28,ROUND(AVERAGEIF(S28:S558,S28,U28:U558),2)) -> 46714.31
A29: PT0011075 | B29: 42 | C29: Male | D29: =PROPER(Table3[[#This Row],[Gender]]) -> Male | E29: Canada | F29: =PROPER(Table3[[#This Row],[Country_Region]]) -> Canada | G29: 2024 | H29: 1 | I29: =IF(H29="", AVERAGEIF('CLEANED DATASET'!$G$2:$G$532,G29,'CLEANED DATASET'!$H132),H29) -> 1 | J29: 8.2 | K29: =IF(J29="",ROUND(AVERAGEIF(G33:G559,G29,J29:J559),1),J29) -> 8.2 | L29: 0.4 | M29: =IF(L29="", AVERAGEIF(G29:G559, G29,L29:L559),L29) -> 0.4 | N29: 8.9 | O29: =IF(N29="",AVERAGEIF(G29:G559,G29,N29:N559),N29) -> 8.9 | P29: 0.6 | Q29: =IF(P29="",AVERAGEIF(G29:G559,G29,P29:P559),P29) -> 0.6 | R29: Liver | S29: =PROPER(Table3[[#This Row],[Cancer_Type]]) -> Liver | T29: Stage I | U29: 93205.45 | V29: 5.7 | W29: =IF(Y29="Stage 0",RANDBETWEEN(9,10), IF(Y29="Stage I",RANDBETWEEN(7,8), IF(Y29="Stage II",RANDBETWEEN(5,6), IF(Y29="Stage III",RANDBETWEEN(3,4), IF(Y29="Stage IV",RANDBETWEEN(1,2),""))))) -> 2 | X29: =ROUND(I29+K29+M29+O29+Q29+(10-V29)/6, 2) -> 19.82 | Y29: =IF(X29<=2,"Stage 0",IF(X29<=4,"Stage I",IF(X29<=6,"Stage II",IF(X29<=8,"Stage III", "Stage IV")))) -> Stage IV | Z29: =IF(U29<>"",U29,ROUND(AVERAGEIF(S29:S559,S29,U29:U559),2)) -> 93205.45
A30: PT0011111 | B30: 50 | C30: Male | D30: =PROPER(Table3[[#This Row],[Gender]]) -> Male | E30: RUSSIA | F30: =PROPER(Table3[[#This Row],[Country_Region]]) -> Russia | G30: 2024 | H30: 0.9 | I30: =IF(H30="", AVERAGEIF('CLEANED DATASET'!$G$2:$G$532,G30,'CLEANED DATASET'!$H351),H30) -> 0.9 | J30: 1.2 | K30: =IF(J30="",ROUND(AVERAGEIF(G34:G560,G30,J30:J560),1),J30) -> 1.2 | L30: 4.5 | M30: =IF(L30="", AVERAGEIF(G30:G560, G30,L30:L560),L30) -> 4.5 | N30: 7.3 | O30: =IF(N30="",AVERAGEIF(G30:G560,G30,N30:N560),N30) -> 7.3 | P30: 1 | Q30: =IF(P30="",AVERAGEIF(G30:G560,G30,P30:P560),P30) -> 1 | R30: Lung | S30: =PROPER(Table3[[#This Row],[Cancer_Type]]) -> Lung | T30: Stage 0 | U30: 8993.81 | V30: 3.3 | W30: =IF(Y30="Stage 0",RANDBETWEEN(9,10), IF(Y30="Stage I",RANDBETWEEN(7,8), IF(Y30="Stage II",RANDBETWEEN(5,6), IF(Y30="Stage III",RANDBETWEEN(3,4), IF(Y30="Stage IV",RANDBETWEEN(1,2),""))))) -> 5 | X30: 4.42 | Y30: =IF(X30<=2,"Stage 0",IF(X30<=4,"Stage I",IF(X30<=6,"Stage II",IF(X30<=8,"Stage III", "Stage IV")))) -> Stage II | Z30: =IF(U30<>"",U30,ROUND(AVERAGEIF(S30:S560,S30,U30:U560),2)) -> 8993.81
A31: PT0011287 | B31: 30 | C31: Other | D31: =PROPER(Table3[[#This Row],[Gender]]) -> Other | E31: Russia | F31: =PROPER(Table3[[#This Row],[Country_Region]]) -> Russia | G31: 2024 | H31: 6.3 | I31: =IF(H31="", AVERAGEIF('CLEANED DATASET'!$G$2:$G$532,G31,'CLEANED DATASET'!$H140),H31) -> 6.3 | J31: 8 | K31: =IF(J31="",ROUND(AVERAGEIF(G35:G561,G31,J31:J561),1),J31) -> 8 | L31: 7.6 | M31: =IF(L31="", AVERAGEIF(G31:G561, G31,L31:L561),L31) -> 7.6 | N31: 6.2 | O31: =IF(N31="",AVERAGEIF(G31:G561,G31,N31:N561),N31) -> 6.2 | P31: 2.5 | Q31: =IF(P31="",AVERAGEIF(G31:G561,G31,P31:P561),P31) -> 2.5 | R31: Colon | S31: =PROPER(Table3[[#This Row],[Cancer_Type]]) -> Colon | T31: Stage I | U31: 23062.07 | V31: 1.8 | W31: =IF(Y31="Stage 0",RANDBETWEEN(9,10), IF(Y31="Stage I",RANDBETWEEN(7,8), IF(Y31="Stage II",RANDBETWEEN(5,6), IF(Y31="Stage III",RANDBETWEEN(3,4), IF(Y31="Stage IV",RANDBETWEEN(1,2),""))))) -> 4 | X31: 6.63 | Y31: =IF(X31<=2,"Stage 0",IF(X31<=4,"Stage I",IF(X31<=6,"Stage II",IF(X31<=8,"Stage III", "Stage IV")))) -> Stage III | Z31: =IF(U31<>"",U31,ROUND(AVERAGEIF(S31:S561,S31,U31:U561),2)) -> 23062.07
A32: PT0011480 | B32: 67 | C32: Male | D32: =PROPER(Table3[[#This Row],[Gender]]) -> Male | E32: Brazil | F32: =PROPER(Table3[[#This Row],[Country_Region]]) -> Brazil | G32: 2024 | H32: 5.7 | I32: =IF(H32="", AVERAGEIF('CLEANED DATASET'!$G$2:$G$532,G32,'CLEANED DATASET'!$H237),H32) -> 5.7 | K32: =IF(J32="",ROUND(AVERAGEIF(G36:G562,G32,J32:J562),1),J32) -> 4.8 | L32: 7.4 | M32: =IF(L32="", AVERAGEIF(G32:G562, G32,L32:L562),L32) -> 7.4 | N32: 2.2 | O32: =IF(N32="",AVERAGEIF(G32:G562,G32,N32:N562),N32) -> 2.2 | P32: 7 | Q32: =IF(P32="",AVERAGEIF(G32:G562,G32,P32:P562),P32) -> 7 | R32: Leukemia | S32: =PROPER(Table3[[#This Row],[Cancer_Type]]) -> Leukemia | T32: Stage II | U32: 13404.04 | V32: 6.1 | W32: =IF(Y32="Stage 0",RANDBETWEEN(9,10), IF(Y32="Stage I",RANDBETWEEN(7,8), IF(Y32="Stage II",RANDBETWEEN(5,6), IF(Y32="Stage III",RANDBETWEEN(3,4), IF(Y32="Stage IV",RANDBETWEEN(1,2),""))))) -> 4 | X32: 6.07 | Y32: =IF(X32<=2,"Stage 0",IF(X32<=4,"Stage I",IF(X32<=6,"Stage II",IF(X32<=8,"Stage III", "Stage IV")))) -> Stage III | Z32: =IF(U32<>"",U32,ROUND(AVERAGEIF(S32:S562,S32,U32:U562),2)) -> 13404.04
A33: PT0011508 | B33: 74 | C33: Other | D33: =PROPER(Table3[[#This Row],[Gender]]) -> Other | E33: Germany | F33: =PROPER(Table3[[#This Row],[Country_Region]]) -> Germany | G33: 2024 | H33: 6.3 | I33: =IF(H33="", AVERAGEIF('CLEANED DATASET'!$G$2:$G$532,G33,'CLEANED DATASET'!$H339),H33) -> 6.3 | J33: 4.8 | K33: =IF(J33="",ROUND(AVERAGEIF(G37:G563,G33,J33:J563),1),J33) -> 4.8 | L33: 4.9 | M33: =IF(L33="", AVERAGEIF(G33:G563, G33,L33:L563),L33) -> 4.9 | N33: 9.1 | O33: =IF(N33="",AVERAGEIF(G33:G563,G33,N33:N563),N33) -> 9.1 | P33: 1.2 | Q33: =IF(P33="",AVERAGEIF(G33:G563,G33,P33:P563),P33) -> 1.2 | R33: Leukemia | S33: =PROPER(Table3[[#This Row],[Cancer_Type]]) -> Leukemia | T33: Stage III | U33: 65768.34 | V33: 7.4 | W33: =IF(Y33="Stage 0",RANDBETWEEN(9,10), IF(Y33="Stage I",RANDBETWEEN(7,8), IF(Y33="Stage II",RANDBETWEEN(5,6), IF(Y33="Stage III",RANDBETWEEN(3,4), IF(Y33="Stage IV",RANDBETWEEN(1,2),""))))) -> 6 | X33: 5.34 | Y33: =IF(X33<=2,"Stage 0",IF(X33<=4,"Stage I",IF(X33<=6,"Stage II",IF(X33<=8,"Stage III", "Stage IV")))) -> Stage II | Z33: =IF(U33<>"",U33,ROUND(AVERAGEIF(S33:S563,S33,U33:U563),2)) -> 65768.34
A34: PT0011527 | B34: 59 | C34: Male | D34: =PROPER(Table3[[#This Row],[Gender]]) -> Male | E34: India | F34: =PROPER(Table3[[#This Row],[Country_Region]]) -> India | G34: 2023 | H34: 1.7 | I34: =IF(H34="", AVERAGEIF('CLEANED DATASET'!$G$2:$G$532,G34,'CLEANED DATASET'!$H498),H34) -> 1.7 | J34: 5.3 | K34: =IF(J34="",ROUND(AVERAGEIF(G38:G564,G34,J34:J564),1),J34) -> 5.3 | L34: 3.9 | M34: =IF(L34="", AVERAGEIF(G34:G564, G34,L34:L564),L34) -> 3.9 | N34: 3 | O34: =IF(N34="",AVERAGEIF(G34:G564,G34,N34:N564),N34) -> 3 | P34: 5.2 | Q34: =IF(P34="",AVERAGEIF(G34:G564,G34,P34:P564),P34) -> 5.2 | R34: Cervical | S34: =PROPER(Table3[[#This Row],[Cancer_Type]]) -> Cervical | U34: 69969.01 | V34: 4.6 | W34: =IF(Y34="Stage 0",RANDBETWEEN(9,10), IF(Y34="Stage I",RANDBETWEEN(7,8), IF(Y34="Stage II",RANDBETWEEN(5,6), IF(Y34="Stage III",RANDBETWEEN(3,4), IF(Y34="Stage IV",RANDBETWEEN(1,2),""))))) -> 8 | X34: 3.44 | Y34: =IF(X34<=2,"Stage 0",IF(X34<=4,"Stage I",IF(X34<=6,"Stage II",IF(X34<=8,"Stage III", "Stage IV")))) -> Stage I | Z34: =IF(U34<>"",U34,ROUND(AVERAGEIF(S34:S564,S34,U34:U564),2)) -> 69969.01
A35: PT0011735 | B35: 33 | C35: Female | D35: =PROPER(Table3[[#This Row],[Gender]]) -> Female | E35: UK | F35: =PROPER(Table3[[#This Row],[Country_Region]]) -> Uk | G35: 2024 | H35: 4.8 | I35: =IF(H35="", AVERAGEIF('CLEANED DATASET'!$G$2:$G$532,G35,'CLEANED DATASET'!$H428),H35) -> 4.8 | J35: 9.6 | K35: =IF(J35="",ROUND(AVERAGEIF(G39:G565,G35,J35:J565),1),J35) -> 9.6 | L35: 3 | M35: =IF(L35="", AVERAGEIF(G35:G565, G35,L35:L565),L35) -> 3 | N35: 2.3 | O35: =IF(N35="",AVERAGEIF(G35:G565,G35,N35:N565),N35) -> 2.3 | Q35: =IF(P35="",AVERAGEIF(G35:G565,G35,P35:P565),P35) -> 4.2398649 | R35: Lung | S35: =PROPER(Table3[[#This Row],[Cancer_Type]]) -> Lung | T35: Stage I | U35: 93182.85 | V35: 8.1 | W35: =IF(Y35="Stage 0",RANDBETWEEN(9,10), IF(Y35="Stage I",RANDBETWEEN(7,8), IF(Y35="Stage II",RANDBETWEEN(5,6), IF(Y35="Stage III",RANDBETWEEN(3,4), IF(Y35="Stage IV",RANDBETWEEN(1,2),""))))) -> 6 | X35: 4.17 | Y35: =IF(X35<=2,"Stage 0",IF(X35<=4,"Stage I",IF(X35<=6,"Stage II",IF(X35<=8,"Stage III", "Stage IV")))) -> Stage II | Z35: =IF(U35<>"",U35,ROUND(AVERAGEIF(S35:S565,S35,U35:U565),2)) -> 93182.85
A36: PT0011794 | B36: 24 | C36: Other | D36: =PROPER(Table3[[#This Row],[Gender]]) -> Other | E36: China | F36: =PROPER(Table3[[#This Row],[Country_Region]]) -> China | G36: 2023 | H36: 6.6 | I36: =IF(H36="", AVERAGEIF('CLEANED DATASET'!$G$2:$G$532,G36,'CLEANED DATASET'!$H496),H36) -> 6.6 | J36: 2 | K36: =IF(J36="",ROUND(AVERAGEIF(G40:G566,G36,J36:J566),1),J36) -> 2 | L36: 5.8 | M36: =IF(L36="", AVERAGEIF(G36:G566, G36,L36:L566),L36) -> 5.8 | N36: 5.3 | O36: =IF(N36="",AVERAGEIF(G36:G566,G36,N36:N566),N36) -> 5.3 | P36: 0.6 | Q36: =IF(P36="",AVERAGEIF(G36:G566,G36,P36:P566),P36) -> 0.6 | R36: Breast | S36: =PROPER(Table3[[#This Row],[Cancer_Type]]) -> Breast | T36: Stage II | U36: 41115.23 | V36: 4.3 | W36: =IF(Y36="Stage 0",RANDBETWEEN(9,10), IF(Y36="Stage I",RANDBETWEEN(7,8), IF(Y36="Stage II",RANDBETWEEN(5,6), IF(Y36="Stage III",RANDBETWEEN(3,4), IF(Y36="Stage IV",RANDBETWEEN(1,2),""))))) -> 5 | X36: 4.79 | Y36: =IF(X36<=2,"Stage 0",IF(X36<=4,"Stage I",IF(X36<=6,"Stage II",IF(X36<=8,"Stage III", "Stage IV")))) -> Stage II | Z36: =IF(U36<>"",U36,ROUND(AVERAGEIF(S36:S566,S36,U36:U566),2)) -> 41115.23
A37: PT0011817 | B37: 41 | C37: Male | D37: =PROPER(Table3[[#This Row],[Gender]]) -> Male | E37: Germany | F37: =PROPER(Table3[[#This Row],[Country_Region]]) -> Germany | G37: 2022 | H37: 1.9 | I37: =IF(H37="", AVERAGEIF('CLEANED DATASET'!$G$2:$G$532,G37,'CLEANED DATASET'!$H397),H37) -> 1.9 | J37: 3.2 | K37: =IF(J37="",ROUND(AVERAGEIF(G41:G567,G37,J37:J567),1),J37) -> 3.2 | L37: 6.9 | M37: =IF(L37="", AVERAGEIF(G37:G567, G37,L37:L567),L37) -> 6.9 | N37: 8.9 | O37: =IF(N37="",AVERAGEIF(G37:G567,G37,N37:N567),N37) -> 8.9 | P37: 6 | Q37: =IF(P37="",AVERAGEIF(G37:G567,G37,P37:P567),P37) -> 6 | R37: Colon | S37: =PROPER(Table3[[#This Row],[Cancer_Type]]) -> Colon | T37: Stage 0 | U37: 29291.96 | V37: 3.2 | W37: =IF(Y37="Stage 0",RANDBETWEEN(9,10), IF(Y37="Stage I",RANDBETWEEN(7,8), IF(Y37="Stage II",RANDBETWEEN(5,6), IF(Y37="Stage III",RANDBETWEEN(3,4), IF(Y37="Stage IV",RANDBETWEEN(1,2),""))))) -> 5 | X37: 5.69 | Y37: =IF(X37<=2,"Stage 0",IF(X37<=4,"Stage I",IF(X37<=6,"Stage II",IF(X37<=8,"Stage III", "Stage IV")))) -> Stage II | Z37: =IF(U37<>"",U37,ROUND(AVERAGEIF(S37:S567,S37,U37:U567),2)) -> 29291.96
A38: PT0011848 | B38: 54 | C38: Male | D38: =PROPER(Table3[[#This Row],[Gender]]) -> Male | E38: CHINA | F38: =PROPER(Table3[[#This Row],[Country_Region]]) -> China | G38: 2024 | H38: 5 | I38: =IF(H38="", AVERAGEIF('CLEANED DATASET'!$G$2:$G$532,G38,'CLEANED DATASET'!$H103),H38) -> 5 | J38: 0.8 | K38: =IF(J38="",ROUND(AVERAGEIF(G42:G568,G38,J38:J568),1),J38) -> 0.8 | L38: 7.7 | M38: =IF(L38="", AVERAGEIF(G38:G568, G38,L38:L568),L38) -> 7.7 | N38: 3.4 | O38: =IF(N38="",AVERAGEIF(G38:G568,G38,N38:N568),N38) -> 3.4 | P38: 4 | Q38: =IF(P38="",AVERAGEIF(G38:G568,G38,P38:P568),P38) -> 4 | R38: Cervical | S38: =PROPER(Table3[[#This Row],[Cancer_Type]]) -> Cervical | T38: Stage 0 | U38: 32778.75 | V38: 4.7 | W38: =IF(Y38="Stage 0",RANDBETWEEN(9,10), IF(Y38="Stage I",RANDBETWEEN(7,8), IF(Y38="Stage II",RANDBETWEEN(5,6), IF(Y38="Stage III",RANDBETWEEN(3,4), IF(Y38="Stage IV",RANDBETWEEN(1,2),""))))) -> 6 | X38: 4.7 | Y38: =IF(X38<=2,"Stage 0",IF(X38<=4,"Stage I",IF(X38<=6,"Stage II",IF(X38<=8,"Stage III", "Stage IV")))) -> Stage II | Z38: =IF(U38<>"",U38,ROUND(AVERAGEIF(S38:S568,S38,U38:U568),2)) -> 32778.75
A39: PT0011915 | B39: 69 | C39: Other | D39: =PROPER(Table3[[#This Row],[Gender]]) -> Other | E39: Germany | F39: =PROPER(Table3[[#This Row],[Country_Region]]) -> Germany | G39: 2022 | H39: 0.2 | I39: =IF(H39="", AVERAGEIF('CLEANED DATASET'!$G$2:$G$532,G39,'CLEANED DATASET'!$H312),H39) -> 0.2 | J39: 2.9 | K39: =IF(J39="",ROUND(AVERAGEIF(G43:G569,G39,J39:J569),1),J39) -> 2.9 | L39: 9.8 | M39: =IF(L39="", AVERAGEIF(G39:G569, G39,L39:L569),L39) -> 9.8 | N39: 0.6 | O39: =IF(N39="",AVERAGEIF(G39:G569,G39,N39:N569),N39) -> 0.6 | P39: 2.9 | Q39: =IF(P39="",AVERAGEIF(G39:G569,G39,P39:P569),P39) -> 2.9 | R39: Colon | S39: =PROPER(Table3[[#This Row],[Cancer_Type]]) -> Colon | T39: Stage I | U39: 78214.32 | V39: 4.5 | W39: =IF(Y39="Stage 0",RANDBETWEEN(9,10), IF(Y39="Stage I",RANDBETWEEN(7,8), IF(Y39="Stage II",RANDBETWEEN(5,6), IF(Y39="Stage III",RANDBETWEEN(3,4), IF(Y39="Stage IV",RANDBETWEEN(1,2),""))))) -> 7 | X39: 2.79 | Y39: =IF(X39<=2,"Stage 0",IF(X39<=4,"Stage I",IF(X39<=6,"Stage II",IF(X39<=8,"Stage III", "Stage IV")))) -> Stage I | Z39: =IF(U39<>"",U39,ROUND(AVERAGEIF(S39:S569,S39,U39:U569),2)) -> 78214.32
A40: PT0011946 | B40: 60 | C40: Male | D40: =PROPER(Table3[[#This Row],[Gender]]) -> Male | E40: UK | F40: =PROPER(Table3[[#This Row],[Country_Region]]) -> Uk | G40: 2024 | H40: 8.7 | I40: =IF(H40="", AVERAGEIF('CLEANED DATASET'!$G$2:$G$532,G40,'CLEANED DATASET'!$H147),H40) -> 8.7 | J40: 5.4 | K40: =IF(J40="",ROUND(AVERAGEIF(G44:G570,G40,J40:J570),1),J40) -> 5.4 | L40: 0.2 | M40: =IF(L40="", AVERAGEIF(G40:G570, G40,L40:L570),L40) -> 0.2 | N40: 2.2 | O40: =IF(N40="",AVERAGEIF(G40:G570,G40,N40:N570),N40) -> 2.2 | P40: 1.7 | Q40: =IF(P40="",AVERAGEIF(G40:G570,G40,P40:P570),P40) -> 1.7 | R40: Cervical | S40: =PROPER(Table3[[#This Row],[Cancer_Type]]) -> Cervical | T40: Stage 0 | V40: 9.6 | W40: =IF(Y40="Stage 0",RANDBETWEEN(9,10), IF(Y40="Stage I",RANDBETWEEN(7,8), IF(Y40="Stage II",RANDBETWEEN(5,6), IF(Y40="Stage III",RANDBETWEEN(3,4), IF(Y40="Stage IV",RANDBETWEEN(1,2),""))))) -> 5 | X40: 4.09 | Y40: =IF(X40<=2,"Stage 0",IF(X40<=4,"Stage I",IF(X40<=6,"Stage II",IF(X40<=8,"Stage III", "Stage IV")))) -> Stage II | Z40: =IF(U40<>"",U40,ROUND(AVERAGEIF(S40:S570,S40,U40:U570),2)) -> 49539.28
A41: PT0012142 | B41: 99 | C41: Unknown | D41: =PROPER(Table3[[#This Row],[Gender]]) -> Unknown | E41: India | F41: =PROPER(Table3[[#This Row],[Country_Region]]) -> India | G41: 2023 | I41: =IF(H41="", AVERAGEIF('CLEANED DATASET'!$G$2:$G$532,G41,'CLEANED DATASET'!$H367),H41) -> 5.209434 | J41: 3.8 | K41: =IF(J41="",ROUND(AVERAGEIF(G45:G571,G41,J41:J571),1),J41) -> 3.8 | L41: 6.1 | M41: =IF(L41="", AVERAGEIF(G41:G571, G41,L41:L571),L41) -> 6.1 | N41: 1.6 | O41: =IF(N41="",AVERAGEIF(G41:G571,G41,N41:N571),N41) -> 1.6 | P41: 9.2 | Q41: =IF(P41="",AVERAGEIF(G41:G571,G41,P41:P571),P41) -> 9.2 | R41: Cervical | S41: =PROPER(Table3[[#This Row],[Cancer_Type]]) -> Cervical | T41: Stage I | U41: 36235.6 | V41: 3.7 | W41: =IF(Y41="Stage 0",RANDBETWEEN(9,10), IF(Y41="Stage I",RANDBETWEEN(7,8), IF(Y41="Stage II",RANDBETWEEN(5,6), IF(Y41="Stage III",RANDBETWEEN(3,4), IF(Y41="Stage IV",RANDBETWEEN(1,2),""))))) -> 6 | X41: 5.68 | Y41: =IF(X41<=2,"Stage 0",IF(X41<=4,"Stage I",IF(X41<=6,"Stage II",IF(X41<=8,"Stage III", "Stage IV")))) -> Stage II | Z41: =IF(U41<>"",U41,ROUND(AVERAGEIF(S41:S571,S41,U41:U571),2)) -> 36235.6
A42: PT0012150 | B42: 86 | C42: Male | D42: =PROPER(Table3[[#This Row],[Gender]]) -> Male | E42: China | F42: =PROPER(Table3[[#This Row],[Country_Region]]) -> China | G42: 2022 | H42: 4.1 | I42: =IF(H42="", AVERAGEIF('CLEANED DATASET'!$G$2:$G$532,G42,'CLEANED DATASET'!$H470),H42) -> 4.1 | J42: 9.3 | K42: =IF(J42="",ROUND(AVERAGEIF(G46:G572,G42,J42:J572),1),J42) -> 9.3 | L42: 3.4 | M42: =IF(L42="", AVERAGEIF(G42:G572, G42,L42:L572),L42) -> 3.4 | N42: 9.1 | O42: =IF(N42="",AVERAGEIF(G42:G572,G42,N42:N572),N42) -> 9.1 | P42: 4.1 | Q42: =IF(P42="",AVERAGEIF(G42:G572,G42,P42:P572),P42) -> 4.1 | R42: unknown | S42: =PROPER(Table3[[#This Row],[Cancer_Type]]) -> Unknown | T42: Stage 0 | U42: 91374.69 | V42: 4.9 | W42: =IF(Y42="Stage 0",RANDBETWEEN(9,10), IF(Y42="Stage I",RANDBETWEEN(7,8), IF(Y42="Stage II",RANDBETWEEN(5,6), IF(Y42="Stage III",RANDBETWEEN(3,4), IF(Y42="Stage IV",RANDBETWEEN(1,2),""))))) -> 5 | X42: 5.13 | Y42: =IF(X42<=2,"Stage 0",IF(X42<=4,"Stage I",IF(X42<=6,"Stage II",IF(X42<=8,"Stage III", "Stage IV")))) -> Stage II | Z42: =IF(U42<>"",U42,ROUND(AVERAGEIF(S42:S572,S42,U42:U572),2)) -> 91374.69
A43: PT0012152 | B43: 70 | C43: Female | D43: =PROPER(Table3[[#This Row],[Gender]]) -> Female | E43: CANADA | F43: =PROPER(Table3[[#This Row],[Country_Region]]) -> Canada | G43: 2023 | H43: 8.8 | I43: =IF(H43="", AVERAGEIF('CLEANED DATASET'!$G$2:$G$532,G43,'CLEANED DATASET'!$H249),H43) -> 8.8 | J43: 7 | K43: =IF(J43="",ROUND(AVERAGEIF(G47:G573,G43,J43:J573),1),J43) -> 7 | L43: 2.9 | M43: =IF(L43="", AVERAGEIF(G43:G573, G43,L43:L573),L43) -> 2.9 | N43: 4.9 | O43: =IF(N43="",AVERAGEIF(G43:G573,G43,N43:N573),N43) -> 4.9 | P43: 6.4 | Q43: =IF(P43="",AVERAGEIF(G43:G573,G43,P43:P573),P43) -> 6.4 | R43: Skin | S43: =PROPER(Table3[[#This Row],[Cancer_Type]]) -> Skin | T43: Stage II | U43: 12930.13 | V43: 6 | W43: =IF(Y43="Stage 0",RANDBETWEEN(9,10), IF(Y43="Stage I",RANDBETWEEN(7,8), IF(Y43="Stage II",RANDBETWEEN(5,6), IF(Y43="Stage III",RANDBETWEEN(3,4), IF(Y43="Stage IV",RANDBETWEEN(1,2),""))))) -> 3 | X43: 6.61 | Y43: =IF(X43<=2,"Stage 0",IF(X43<=4,"Stage I",IF(X43<=6,"Stage II",IF(X43<=8,"Stage III", "Stage IV")))) -> Stage III | Z43: =IF(U43<>"",U43,ROUND(AVERAGEIF(S43:S573,S43,U43:U573),2)) -> 12930.13
A44: PT0012259 | B44: 23 | C44: Other | D44: =PROPER(Table3[[#This Row],[Gender]]) -> Other | E44: Pakistan | F44: =PROPER(Table3[[#This Row],[Country_Region]]) -> Pakistan | G44: 2024 | H44: 5 | I44: =IF(H44="", AVERAGEIF('CLEANED DATASET'!$G$2:$G$532,G44,'CLEANED DATASET'!$H163),H44) -> 5 | K44: =IF(J44="",ROUND(AVERAGEIF(G48:G574,G44,J44:J574),1),J44) -> 4.9 | L44: 1.7 | M44: =IF(L44="", AVERAGEIF(G44:G574, G44,L44:L574),L44) -> 1.7 | N44: 6.9 | O44: =IF(N44="",AVERAGEIF(G44:G574,G44,N44:N574),N44) -> 6.9 | P44: 2.7 | Q44: =IF(P44="",AVERAGEIF(G44:G574,G44,P44:P574),P44) -> 2.7 | R44: Skin | S44: =PROPER(Table3[[#This Row],[Cancer_Type]]) -> Skin | T44: Stage IV | U44: 78527.83 | V44: 9.8 | W44: =IF(Y44="Stage 0",RANDBETWEEN(9,10), IF(Y44="Stage I",RANDBETWEEN(7,8), IF(Y44="Stage II",RANDBETWEEN(5,6), IF(Y44="Stage III",RANDBETWEEN(3,4), IF(Y44="Stage IV",RANDBETWEEN(1,2),""))))) -> 6 | X44: 4.55 | Y44: =IF(X44<=2,"Stage 0",IF(X44<=4,"Stage I",IF(X44<=6,"Stage II",IF(X44<=8,"Stage III", "Stage IV")))) -> Stage II | Z44: =IF(U44<>"",U44,ROUND(AVERAGEIF(S44:S574,S44,U44:U574),2)) -> 78527.83
A45: PT0012271 | B45: 24 | C45: Female | D45: =PROPER(Table3[[#This Row],[Gender]]) -> Female | E45: Russia | F45: =PROPER(Table3[[#This Row],[Country_Region]]) -> Russia | G45: 2022 | H45: 5.4 | I45: =IF(H45="", AVERAGEIF('CLEANED DATASET'!$G$2:$G$532,G45,'CLEANED DATASET'!$H376),H45) -> 5.4 | J45: 8.4 | K45: =IF(J45="",ROUND(AVERAGEIF(G49:G575,G45,J45:J575),1),J45) -> 8.4 | L45: 8.4 | M45: =IF(L45="", AVERAGEIF(G45:G575, G45,L45:L575),L45) -> 8.4 | N45: 7.2 | O45: =IF(N45="",AVERAGEIF(G45:G575,G45,N45:N575),N45) -> 7.2 | P45: 7.7 | Q45: =IF(P45="",AVERAGEIF(G45:G575,G45,P45:P575),P45) -> 7.7 | R45: Prostate | S45: =PROPER(Table3[[#This Row],[Cancer_Type]]) -> Prostate | T45: Stage I | U45: 26542.86 | V45: 7.4 | W45: =IF(Y45="Stage 0",RANDBETWEEN(9,10), IF(Y45="Stage I",RANDBETWEEN(7,8), IF(Y45="Stage II",RANDBETWEEN(5,6), IF(Y45="Stage III",RANDBETWEEN(3,4), IF(Y45="Stage IV",RANDBETWEEN(1,2),""))))) -> 4 | X45: 7.28 | Y45: =IF(X45<=2,"Stage 0",IF(X45<=4,"Stage I",IF(X45<=6,"Stage II",IF(X45<=8,"Stage III", "Stage IV")))) -> Stage III | Z45: =IF(U45<>"",U45,ROUND(AVERAGEIF(S45:S575,S45,U45:U575),2)) -> 26542.86
A46: PT0012308 | B46: 29 | C46: Male | D46: =PROPER(Table3[[#This Row],[Gender]]) -> Male | E46: Pakistan | F46: =PROPER(Table3[[#This Row],[Country_Region]]) -> Pakistan | G46: 2022 | H46: 0.6 | I46: =IF(H46="", AVERAGEIF('CLEANED DATASET'!$G$2:$G$532,G46,'CLEANED DATASET'!$H267),H46) -> 0.6 | J46: 6.1 | K46: =IF(J46="",ROUND(AVERAGEIF(G50:G576,G46,J46:J576),1),J46) -> 6.1 | L46: 4.7 | M46: =IF(L46="", AVERAGEIF(G46:G576, G46,L46:L576),L46) -> 4.7 | N46: 7.9 | O46: =IF(N46="",AVERAGEIF(G46:G576,G46,N46:N576),N46) -> 7.9 | P46: 8.2 | Q46: =IF(P46="",AVERAGEIF(G46:G576,G46,P46:P576),P46) -> 8.2 | R46: Prostate | S46: =PROPER(Table3[[#This Row],[Cancer_Type]]) -> Prostate | T46: Stage IV | U46: 96688.1 | V46: 7.6 | W46: =IF(Y46="Stage 0",RANDBETWEEN(9,10), IF(Y46="Stage I",RANDBETWEEN(7,8), IF(Y46="Stage II",RANDBETWEEN(5,6), IF(Y46="Stage III",RANDBETWEEN(3,4), IF(Y46="Stage IV",RANDBETWEEN(1,2),""))))) -> 5 | X46: 4.21 | Y46: =IF(X46<=2,"Stage 0",IF(X46<=4,"Stage I",IF(X46<=6,"Stage II",IF(X46<=8,"Stage III", "Stage IV")))) -> Stage II | Z46: =IF(U46<>"",U46,ROUND(AVERAGEIF(S46:S576,S46,U46:U576),2)) -> 96688.1
A47: PT0012317 | B47: 25 | C47: Male | D47: =PROPER(Table3[[#This Row],[Gender]]) -> Male | E47: Germany | F47: =PROPER(Table3[[#This Row],[Country_Region]]) -> Germany | G47: 2022 | I47: =IF(H47="", AVERAGEIF('CLEANED DATASET'!$G$2:$G$532,G47,'CLEANED DATASET'!$H287),H47) -> 4.864557 | J47: 1.7 | K47: =IF(J47="",ROUND(AVERAGEIF(G51:G577,G47,J47:J577),1),J47) -> 1.7 | L47: 2.3 | M47: =IF(L47="", AVERAGEIF(G47:G577, G47,L47:L577),L47) -> 2.3 | N47: 3.2 | O47: =IF(N47="",AVERAGEIF(G47:G577,G47,N47:N577),N47) -> 3.2 | P47: 8.1 | Q47: =IF(P47="",AVERAGEIF(G47:G577,G47,P47:P577),P47) -> 8.1 | R47: Leukemia | S47: =PROPER(Table3[[#This Row],[Cancer_Type]]) -> Leukemia | T47: Stage III | U47: 70112.32 | V47: 7.9 | W47: =IF(Y47="Stage 0",RANDBETWEEN(9,10), IF(Y47="Stage I",RANDBETWEEN(7,8), IF(Y47="Stage II",RANDBETWEEN(5,6), IF(Y47="Stage III",RANDBETWEEN(3,4), IF(Y47="Stage IV",RANDBETWEEN(1,2),""))))) -> 5 | X47: 4.15 | Y47: =IF(X47<=2,"Stage 0",IF(X47<=4,"Stage I",IF(X47<=6,"Stage II",IF(X47<=8,"Stage III", "Stage IV")))) -> Stage II | Z47: =IF(U47<>"",U47,ROUND(AVERAGEIF(S47:S577,S47,U47:U577),2)) -> 70112.32
A48: PT0012343 | B48: 49 | C48: Male | D48: =PROPER(Table3[[#This Row],[Gender]]) -> Male | E48: RUSSIA | F48: =PROPER(Table3[[#This Row],[Country_Region]]) -> Russia | G48: 2024 | H48: 9.7 | I48: =IF(H48="", AVERAGEIF('CLEANED DATASET'!$G$2:$G$532,G48,'CLEANED DATASET'!$H43),H48) -> 9.7 | J48: 2.1 | K48: =IF(J48="",ROUND(AVERAGEIF(G52:G578,G48,J48:J578),1),J48) -> 2.1 | M48: =IF(L48="", AVERAGEIF(G48:G578, G48,L48:L578),L48) -> 4.8055556 | N48: 1.4 | O48: =IF(N48="",AVERAGEIF(G48:G578,G48,N48:N578),N48) -> 1.4 | P48: 3.8 | Q48: =IF(P48="",AVERAGEIF(G48:G578,G48,P48:P578),P48) -> 3.8 | R48: Colon | S48: =PROPER(Table3[[#This Row],[Cancer_Type]]) -> Colon | T48: Stage I | U48: 87021.56 | V48: 4.3 | W48: =IF(Y48="Stage 0",RANDBETWEEN(9,10), IF(Y48="Stage I",RANDBETWEEN(7,8), IF(Y48="Stage II",RANDBETWEEN(5,6), IF(Y48="Stage III",RANDBETWEEN(3,4), IF(Y48="Stage IV",RANDBETWEEN(1,2),""))))) -> 8 | X48: 3.68 | Y48: =IF(X48<=2,"Stage 0",IF(X48<=4,"Stage I",IF(X48<=6,"Stage II",IF(X48<=8,"Stage III", "Stage IV")))) -> Stage I | Z48: =IF(U48<>"",U48,ROUND(AVERAGEIF(S48:S578,S48,U48:U578),2)) -> 87021.56
A49: PT0012527 | B49: 22 | C49: FEmale | D49: =PROPER(Table3[[#This Row],[Gender]]) -> Female | E49: Pakistan | F49: =PROPER(Table3[[#This Row],[Country_Region]]) -> Pakistan | G49: 2022 | H49: 4.2 | I49: =IF(H49="", AVERAGEIF('CLEANED DATASET'!$G$2:$G$532,G49,'CLEANED DATASET'!$H327),H49) -> 4.2 | J49: 6.9 | K49: =IF(J49="",ROUND(AVERAGEIF(G53:G579,G49,J49:J579),1),J49) -> 6.9 | L49: 6.4 | M49: =IF(L49="", AVERAGEIF(G49:G579, G49,L49:L579),L49) -> 6.4 | N49: 6.2 | O49: =IF(N49="",AVERAGEIF(G49:G579,G49,N49:N579),N49) -> 6.2 | P49: 5.3 | Q49: =IF(P49="",AVERAGEIF(G49:G579,G49,P49:P579),P49) -> 5.3 | R49: Cervical | S49: =PROPER(Table3[[#This Row],[Cancer_Type]]) -> Cervical | T49: Stage III | U49: 63008.99 | V49: 0.5 | W49: =IF(Y49="Stage 0",RANDBETWEEN(9,10), IF(Y49="Stage I",RANDBETWEEN(7,8), IF(Y49="Stage II",RANDBETWEEN(5,6), IF(Y49="Stage III",RANDBETWEEN(3,4), IF(Y49="Stage IV",RANDBETWEEN(1,2),""))))) -> 6 | X49: 5.34 | Y49: =IF(X49<=2,"Stage 0",IF(X49<=4,"Stage I",IF(X49<=6,"Stage II",IF(X49<=8,"Stage III", "Stage IV")))) -> Stage II | Z49: =IF(U49<>"",U49,ROUND(AVERAGEIF(S49:S579,S49,U49:U579),2)) -> 63008.99
A50: PT0012530 | B50: 65 | C50: Other | D50: =PROPER(Table3[[#This Row],[Gender]]) -> Other | E50: CANADA | F50: =PROPER(Table3[[#This Row],[Country_Region]]) -> Canada | G50: 2022 | H50: 8.5 | I50: =IF(H50="", AVERAGEIF('CLEANED DATASET'!$G$2:$G$532,G50,'CLEANED DATASET'!$H117),H50) -> 8.5 | J50: 3.8 | K50: =IF(J50="",ROUND(AVERAGEIF(G54:G580,G50,J50:J580),1),J50) -> 3.8 | L50: 4.7 | M50: =IF(L50="", AVERAGEIF(G50:G580, G50,L50:L580),L50) -> 4.7 | N50: 2.7 | O50: =IF(N50="",AVERAGEIF(G50:G580,G50,N50:N580),N50) -> 2.7 | P50: 3.3 | Q50: =IF(P50="",AVERAGEIF(G50:G580,G50,P50:P580),P50) -> 3.3 | R50: Prostate | S50: =PROPER(Table3[[#This Row],[Cancer_Type]]) -> Prostate | T50: Stage IV | U50: 55925.25 | V50: 5.9 | W50: =IF(Y50="Stage 0",RANDBETWEEN(9,10), IF(Y50="Stage I",RANDBETWEEN(7,8), IF(Y50="Stage II",RANDBETWEEN(5,6), IF(Y50="Stage III",RANDBETWEEN(3,4), IF(Y50="Stage IV",RANDBETWEEN(1,2),""))))) -> 5 | X50: 4.73 | Y50: =IF(X50<=2,"Stage 0",IF(X50<=4,"Stage I",IF(X50<=6,"Stage II",IF(X50<=8,"Stage III", "Stage IV")))) -> Stage II | Z50: =IF(U50<>"",U50,ROUND(AVERAGEIF(S50:S580,S50,U50:U580),2)) -> 55925.25
A51: PT0012611 | B51: 40 | C51: Unknown | D51: =PROPER(Table3[[#This Row],[Gender]]) -> Unknown | E51: Pakistan | F51: =PROPER(Table3[[#This Row],[Country_Region]]) -> Pakistan | G51: 2024 | H51: 4 | I51: =IF(H51="", AVERAGEIF('CLEANED DATASET'!$G$2:$G$532,G51,'CLEANED DATASET'!$H85),H51) -> 4 | J51: 8.4 | K51: =IF(J51="",ROUND(AVERAGEIF(G55:G581,G51,J51:J581),1),J51) -> 8.4 | L51: 4.2 | M51: =IF(L51="", AVERAGEIF(G51:G581, G51,L51:L581),L51) -> 4.2 | N51: 8.6 | O51: =IF(N51="",AVERAGEIF(G51:G581,G51,N51:N581),N51) -> 8.6 | P51: 2.1 | Q51: =IF(P51="",AVERAGEIF(G51:G581,G51,P51:P581),P51) -> 2.1 | R51: Skin | S51: =PROPER(Table3[[#This Row],[Cancer_Type]]) -> Skin | T51: Stage 0 | U51: 89295.07 | V51: 7.6 | W51: =IF(Y51="Stage 0",RANDBETWEEN(9,10), IF(Y51="Stage I",RANDBETWEEN(7,8), IF(Y51="Stage II",RANDBETWEEN(5,6), IF(Y51="Stage III",RANDBETWEEN(3,4), IF(Y51="Stage IV",RANDBETWEEN(1,2),""))))) -> 5 | X51: 4.83 | Y51: =IF(X51<=2,"Stage 0",IF(X51<=4,"Stage I",IF(X51<=6,"Stage II",IF(X51<=8,"Stage III", "Stage IV")))) -> Stage II | Z51: =IF(U51<>"",U51,ROUND(AVERAGEIF(S51:S581,S51,U51:U581),2)) -> 89295.07
A52: PT0012620 | B52: 73 | C52: Unknown | D52: =PROPER(Table3[[#This Row],[Gender]]) -> Unknown | E52: Pakistan | F52: =PROPER(Table3[[#This Row],[Country_Region]]) -> Pakistan | G52: 2023 | H52: 0.1 | I52: =IF(H52="", AVERAGEIF('CLEANED DATASET'!$G$2:$G$532,G52,'CLEANED DATASET'!$H314),H52) -> 0.1 | J52: 3.6 | K52: =IF(J52="",ROUND(AVERAGEIF(G56:G582,G52,J52:J582),1),J52) -> 3.6 | L52: 6.9 | M52: =IF(L52="", AVERAGEIF(G52:G582, G52,L52:L582),L52) -> 6.9 | N52: 0.3 | O52: =IF(N52="",AVERAGEIF(G52:G582,G52,N52:N582),N52) -> 0.3 | P52: 6.5 | Q52: =IF(P52="",AVERAGEIF(G52:G582,G52,P52:P582),P52) -> 6.5 | R52: unknown | S52: =PROPER(Table3[[#This Row],[Cancer_Type]]) -> Unknown | T52: Stage 0 | V52: 7.5 | W52: =IF(Y52="Stage 0",RANDBETWEEN(9,10), IF(Y52="Stage I",RANDBETWEEN(7,8), IF(Y52="Stage II",RANDBETWEEN(5,6), IF(Y52="Stage III",RANDBETWEEN(3,4), IF(Y52="Stage IV",RANDBETWEEN(1,2),""))))) -> 7 | X52: 3.26 | Y52: =IF(X52<=2,"Stage 0",IF(X52<=4,"Stage I",IF(X52<=6,"Stage II",IF(X52<=8,"Stage III", "Stage IV")))) -> Stage I | Z52: =IF(U52<>"",U52,ROUND(AVERAGEIF(S52:S582,S52,U52:U582),2)) -> 47569.3
A53: PT0012679 | B53: 69 | C53: Unknown | D53: =PROPER(Table3[[#This Row],[Gender]]) -> Unknown | E53: Russia | F53: =PROPER(Table3[[#This Row],[Country_Region]]) -> Russia | G53: 2023 | H53: 5.8 | I53: =IF(H53="", AVERAGEIF('CLEANED DATASET'!$G$2:$G$532,G53,'CLEANED DATASET'!$H4),H53) -> 5.8 | J53: 6.1 | K53: =IF(J53="",ROUND(AVERAGEIF(G57:G583,G53,J53:J583),1),J53) -> 6.1 | M53: =IF(L53="", AVERAGEIF(G53:G583, G53,L53:L583),L53) -> 4.71875 | N53: 5 | O53: =IF(N53="",AVERAGEIF(G53:G583,G53,N53:N583),N53) -> 5 | Q53: =IF(P53="",AVERAGEIF(G53:G583,G53,P53:P583),P53) -> 4.1474684 | R53: Leukemia | S53: =PROPER(Table3[[#This Row],[Cancer_Type]]) -> Leukemia | T53: Stage IV | U53: 81317.07 | V53: 1.5 | W53: =IF(Y53="Stage 0",RANDBETWEEN(9,10), IF(Y53="Stage I",RANDBETWEEN(7,8), IF(Y53="Stage II",RANDBETWEEN(5,6), IF(Y53="Stage III",RANDBETWEEN(3,4), IF(Y53="Stage IV",RANDBETWEEN(1,2),""))))) -> 1 | X53: =ROUND(I53+K53+M53+O53+Q53+(10-V53)/6, 2) -> 27.18 | Y53: =IF(X53<=2,"Stage 0",IF(X53<=4,"Stage I",IF(X53<=6,"Stage II",IF(X53<=8,"Stage III", "Stage IV")))) -> Stage IV | Z53: =IF(U53<>"",U53,ROUND(AVERAGEIF(S53:S583,S53,U53:U583),2)) -> 81317.07
A54: PT0012695 | B54: 58 | C54: Other | D54: =PROPER(Table3[[#This Row],[Gender]]) -> Other | E54: USA | F54: =PROPER(Table3[[#This Row],[Country_Region]]) -> Usa | G54: 2023 | H54: 1.6 | I54: =IF(H54="", AVERAGEIF('CLEANED DATASET'!$G$2:$G$532,G54,'CLEANED DATASET'!$H74),H54) -> 1.6 | J54: 3.3 | K54: =IF(J54="",ROUND(AVERAGEIF(G58:G584,G54,J54:J584),1),J54) -> 3.3 | L54: 8.8 | M54: =IF(L54="", AVERAGEIF(G54:G584, G54,L54:L584),L54) -> 8.8 | N54: 1.6 | O54: =IF(N54="",AVERAGEIF(G54:G584,G54,N54:N584),N54) -> 1.6 | P54: 9.2 | Q54: =IF(P54="",AVERAGEIF(G54:G584,G54,P54:P584),P54) -> 9.2 | R54: Prostate | S54: =PROPER(Table3[[#This Row],[Cancer_Type]]) -> Prostate | T54: Stage III | U54: 20810.36 | V54: 6 | W54: =IF(Y54="Stage 0",RANDBETWEEN(9,10), IF(Y54="Stage I",RANDBETWEEN(7,8), IF(Y54="Stage II",RANDBETWEEN(5,6), IF(Y54="Stage III",RANDBETWEEN(3,4), IF(Y54="Stage IV",RANDBETWEEN(1,2),""))))) -> 6 | X54: 4.96 | Y54: =IF(X54<=2,"Stage 0",IF(X54<=4,"Stage I",IF(X54<=6,"Stage II",IF(X54<=8,"Stage III", "Stage IV")))) -> Stage II | Z54: =IF(U54<>"",U54,ROUND(AVERAGEIF(S54:S584,S54,U54:U584),2)) -> 20810.36
A55: PT0012696 | B55: 22 | C55: Female | D55: =PROPER(Table3[[#This Row],[Gender]]) -> Female | E55: Russia | F55: =PROPER(Table3[[#This Row],[Country_Region]]) -> Russia | G55: 2023 | H55: 9.3 | I55: =IF(H55="", AVERAGEIF('CLEANED DATASET'!$G$2:$G$532,G55,'CLEANED DATASET'!$H524),H55) -> 9.3 | J55: 8.8 | K55: =IF(J55="",ROUND(AVERAGEIF(G59:G585,G55,J55:J585),1),J55) -> 8.8 | L55: 0.5 | M55: =IF(L55="", AVERAGEIF(G55:G585, G55,L55:L585),L55) -> 0.5 | N55: 7.5 | O55: =IF(N55="",AVERAGEIF(G55:G585,G55,N55:N585),N55) -> 7.5 | P55: 8.1 | Q55: =IF(P55="",AVERAGEIF(G55:G585,G55,P55:P585),P55) -> 8.1 | R55: Liver | S55: =PROPER(Table3[[#This Row],[Cancer_Type]]) -> Liver | T55: Stage I | U55: 56425.05 | V55: 6.3 | W55: =IF(Y55="Stage 0",RANDBETWEEN(9,10), IF(Y55="Stage I",RANDBETWEEN(7,8), IF(Y55="Stage II",RANDBETWEEN(5,6), IF(Y55="Stage III",RANDBETWEEN(3,4), IF(Y55="Stage IV",RANDBETWEEN(1,2),""))))) -> 3 | X55: 6.44 | Y55: =IF(X55<=2,"Stage 0",IF(X55<=4,"Stage I",IF(X55<=6,"Stage II",IF(X55<=8,"Stage III", "Stage IV")))) -> Stage III | Z55: =IF(U55<>"",U55,ROUND(AVERAGEIF(S55:S585,S55,U55:U585),2)) -> 56425.05
A56: PT0012760 | B56: 58 | C56: Other | D56: =PROPER(Table3[[#This Row],[Gender]]) -> Other | E56: India | F56: =PROPER(Table3[[#This Row],[Country_Region]]) -> India | G56: 2023 | H56: 8.7 | I56: =IF(H56="", AVERAGEIF('CLEANED DATASET'!$G$2:$G$532,G56,'CLEANED DATASET'!$H306),H56) -> 8.7 | J56: 0.1 | K56: =IF(J56="",ROUND(AVERAGEIF(G60:G586,G56,J56:J586),1),J56) -> 0.1 | L56: 5.3 | M56: =IF(L56="", AVERAGEIF(G56:G586, G56,L56:L586),L56) -> 5.3 | N56: 4.4 | O56: =IF(N56="",AVERAGEIF(G56:G586,G56,N56:N586),N56) -> 4.4 | P56: 1.9 | Q56: =IF(P56="",AVERAGEIF(G56:G586,G56,P56:P586),P56) -> 1.9 | R56: Colon | S56: =PROPER(Table3[[#This Row],[Cancer_Type]]) -> Colon | T56: Stage IV | U56: 59322.8 | V56: 4.3 | W56: =IF(Y56="Stage 0",RANDBETWEEN(9,10), IF(Y56="Stage I",RANDBETWEEN(7,8), IF(Y56="Stage II",RANDBETWEEN(5,6), IF(Y56="Stage III",RANDBETWEEN(3,4), IF(Y56="Stage IV",RANDBETWEEN(1,2),""))))) -> 5 | X56: 4.43 | Y56: =IF(X56<=2,"Stage 0",IF(X56<=4,"Stage I",IF(X56<=6,"Stage II",IF(X56<=8,"Stage III", "Stage IV")))) -> Stage II | Z56: =IF(U56<>"",U56,ROUND(AVERAGEIF(S56:S586,S56,U56:U586),2)) -> 59322.8
A57: PT0012824 | B57: 81 | C57: Female | D57: =PROPER(Table3[[#This Row],[Gender]]) -> Female | E57: Pakistan | F57: =PROPER(Table3[[#This Row],[Country_Region]]) -> Pakistan | G57: 2023 | H57: 6.3 | I57: =IF(H57="", AVERAGEIF('CLEANED DATASET'!$G$2:$G$532,G57,'CLEANED DATASET'!$H114),H57) -> 6.3 | J57: 2.1 | K57: =IF(J57="",ROUND(AVERAGEIF(G61:G587,G57,J57:J587),1),J57) -> 2.1 | L57: 4.8 | M57: =IF(L57="", AVERAGEIF(G57:G587, G57,L57:L587),L57) -> 4.8 | N57: 4.9 | O57: =IF(N57="",AVERAGEIF(G57:G587,G57,N57:N587),N57) -> 4.9 | P57: 1.5 | Q57: =IF(P57="",AVERAGEIF(G57:G587,G57,P57:P587),P57) -> 1.5 | R57: Leukemia | S57: =PROPER(Table3[[#This Row],[Cancer_Type]]) -> Leukemia | T57: Stage 0 | U57: 9997.67 | V57: 4.6 | W57: =IF(Y57="Stage 0",RANDBETWEEN(9,10), IF(Y57="Stage I",RANDBETWEEN(7,8), IF(Y57="Stage II",RANDBETWEEN(5,6), IF(Y57="Stage III",RANDBETWEEN(3,4), IF(Y57="Stage IV",RANDBETWEEN(1,2),""))))) -> 6 | X57: 5.23 | Y57: =IF(X57<=2,"Stage 0",IF(X57<=4,"Stage I",IF(X57<=6,"Stage II",IF(X57<=8,"Stage III", "Stage IV")))) -> Stage II | Z57: =IF(U57<>"",U57,ROUND(AVERAGEIF(S57:S587,S57,U57:U587),2)) -> 9997.67
A58: PT0012885 | B58: 57 | C58: Unknown | D58: =PROPER(Table3[[#This Row],[Gender]]) -> Unknown | E58: Germany | F58: =PROPER(Table3[[#This Row],[Country_Region]]) -> Germany | G58: 2022 | H58: 0.4 | I58: =IF(H58="", AVERAGEIF('CLEANED DATASET'!$G$2:$G$532,G58,'CLEANED DATASET'!$H303),H58) -> 0.4 | J58: 0.3 | K58: =IF(J58="",ROUND(AVERAGEIF(G62:G588,G58,J58:J588),1),J58) -> 0.3 | L58: 5.3 | M58: =IF(L58="", AVERAGEIF(G58:G588, G58,L58:L588),L58) -> 5.3 | N58: 7.1 | O58: =IF(N58="",AVERAGEIF(G58:G588,G58,N58:N588),N58) -> 7.1 | P58: 1.9 | Q58: =IF(P58="",AVERAGEIF(G58:G588,G58,P58:P588),P58) -> 1.9 | R58: Skin | S58: =PROPER(Table3[[#This Row],[Cancer_Type]]) -> Skin | T58: Stage II | U58: 86571.26 | V58: =ROUND(10-((I58+K58+M58+O58+Q58)/5),1) -> 7 | W58: =IF(Y58="Stage 0",RANDBETWEEN(9,10), IF(Y58="Stage I",RANDBETWEEN(7,8), IF(Y58="Stage II",RANDBETWEEN(5,6), IF(Y58="Stage III",RANDBETWEEN(3,4), IF(Y58="Stage IV",RANDBETWEEN(1,2),""))))) -> 8 | X58: 2.8 | Y58: =IF(X58<=2,"Stage 0",IF(X58<=4,"Stage I",IF(X58<=6,"Stage II",IF(X58<=8,"Stage III", "Stage IV")))) -> Stage I | Z58: =IF(U58<>"",U58,ROUND(AVERAGEIF(S58:S588,S58,U58:U588),2)) -> 86571.26
A59: PT0012912 | B59: 54 | C59: Female | D59: =PROPER(Table3[[#This Row],[Gender]]) -> Female | E59: USA | F59: =PROPER(Table3[[#This Row],[Country_Region]]) -> Usa | G59: 2024 | H59: 1.6 | I59: =IF(H59="", AVERAGEIF('CLEANED DATASET'!$G$2:$G$532,G59,'CLEANED DATASET'!$H479),H59) -> 1.6 | J59: 8.3 | K59: =IF(J59="",ROUND(AVERAGEIF(G63:G589,G59,J59:J589),1),J59) -> 8.3 | L59: 4.6 | M59: =IF(L59="", AVERAGEIF(G59:G589, G59,L59:L589),L59) -> 4.6 | N59: 1.1 | O59: =IF(N59="",AVERAGEIF(G59:G589,G59,N59:N589),N59) -> 1.1 | P59: 3.6 | Q59: =IF(P59="",AVERAGEIF(G59:G589,G59,P59:P589),P59) -> 3.6 | R59: Cervical | S59: =PROPER(Table3[[#This Row],[Cancer_Type]]) -> Cervical | T59: Stage 0 | U59: 99116.71 | V59: 1.8 | W59: =IF(Y59="Stage 0",RANDBETWEEN(9,10), IF(Y59="Stage I",RANDBETWEEN(7,8), IF(Y59="Stage II",RANDBETWEEN(5,6), IF(Y59="Stage III",RANDBETWEEN(3,4), IF(Y59="Stage IV",RANDBETWEEN(1,2),""))))) -> 7 | X59: 2.85 | Y59: =IF(X59<=2,"Stage 0",IF(X59<=4,"Stage I",IF(X59<=6,"Stage II",IF(X59<=8,"Stage III", "Stage IV")))) -> Stage I | Z59: =IF(U59<>"",U59,ROUND(AVERAGEIF(S59:S589,S59,U59:U589),2)) -> 99116.71
A60: PT0012945 | B60: 63 | C60: Other | D60: =PROPER(Table3[[#This Row],[Gender]]) -> Other | E60: Russia | F60: =PROPER(Table3[[#This Row],[Country_Region]]) -> Russia | G60: 2024 | H60: 0.9 | I60: =IF(H60="", AVERAGEIF('CLEANED DATASET'!$G$2:$G$532,G60,'CLEANED DATASET'!$H274),H60) -> 0.9 | J60: 2.1 | K60: =IF(J60="",ROUND(AVERAGEIF(G64:G590,G60,J60:J590),1),J60) -> 2.1 | L60: 6.8 | M60: =IF(L60="", AVERAGEIF(G60:G590, G60,L60:L590),L60) -> 6.8 | N60: 7.4 | O60: =IF(N60="",AVERAGEIF(G60:G590,G60,N60:N590),N60) -> 7.4 | P60: 9.4 | Q60: =IF(P60="",AVERAGEIF(G60:G590,G60,P60:P590),P60) -> 9.4 | R60: Prostate | S60: =PROPER(Table3[[#This Row],[Cancer_Type]]) -> Prostate | T60: Stage I | U60: 92584.86 | V60: 2.9 | W60: =IF(Y60="Stage 0",RANDBETWEEN(9,10), IF(Y60="Stage I",RANDBETWEEN(7,8), IF(Y60="Stage II",RANDBETWEEN(5,6), IF(Y60="Stage III",RANDBETWEEN(3,4), IF(Y60="Stage IV",RANDBETWEEN(1,2),""))))) -> 6 | X60: 4.08 | Y60: =IF(X60<=2,"Stage 0",IF(X60<=4,"Stage I",IF(X60<=6,"Stage II",IF(X60<=8,"Stage III", "Stage IV")))) -> Stage II | Z60: =IF(U60<>"",U60,ROUND(AVERAGEIF(S60:S590,S60,U60:U590),2)) -> 92584.86
A61: PT0012954 | B61: 57 | C61: Female | D61: =PROPER(Table3[[#This Row],[Gender]]) -> Female | E61: India | F61: =PROPER(Table3[[#This Row],[Country_Region]]) -> India | G61: 2023 | H61: 8.9 | I61: =IF(H61="", AVERAGEIF('CLEANED DATASET'!$G$2:$G$532,G61,'CLEANED DATASET'!$H477),H61) -> 8.9 | J61: 9.6 | K61: =IF(J61="",ROUND(AVERAGEIF(G65:G591,G61,J61:J591),1),J61) -> 9.6 | L61: 5.3 | M61: =IF(L61="", AVERAGEIF(G61:G591, G61,L61:L591),L61) -> 5.3 | N61: 0.4 | O61: =IF(N61="",AVERAGEIF(G61:G591,G61,N61:N591),N61) -> 0.4 | P61: 5.6 | Q61: =IF(P61="",AVERAGEIF(G61:G591,G61,P61:P591),P61) -> 5.6 | R61: Breast | S61: =PROPER(Table3[[#This Row],[Cancer_Type]]) -> Breast | T61: Stage 0 | U61: 22291.92 | V61: 6.8 | W61: =IF(Y61="Stage 0",RANDBETWEEN(9,10), IF(Y61="Stage I",RANDBETWEEN(7,8), IF(Y61="Stage II",RANDBETWEEN(5,6), IF(Y61="Stage III",RANDBETWEEN(3,4), IF(Y61="Stage IV",RANDBETWEEN(1,2),""))))) -> 3 | X61: 6.21 | Y61: =IF(X61<=2,"Stage 0",IF(X61<=4,"Stage I",IF(X61<=6,"Stage II",IF(X61<=8,"Stage III", "Stage IV")))) -> Stage III | Z61: =IF(U61<>"",U61,ROUND(AVERAGEIF(S61:S591,S61,U61:U591),2)) -> 22291.92
A62: PT0012968 | B62: 85 | C62: Unknown | D62: =PROPER(Table3[[#This Row],[Gender]]) -> Unknown | E62: usa | F62: =PROPER(Table3[[#This Row],[Country_Region]]) -> Usa | G62: 2023 | H62: 3.7 | I62: =IF(H62="", AVERAGEIF('CLEANED DATASET'!$G$2:$G$532,G62,'CLEANED DATASET'!$H177),H62) -> 3.7 | J62: 9.4 | K62: =IF(J62="",ROUND(AVERAGEIF(G66:G592,G62,J62:J592),1),J62) -> 9.4 | L62: 1.6 | M62: =IF(L62="", AVERAGEIF(G62:G592, G62,L62:L592),L62) -> 1.6 | N62: 8.1 | O62: =IF(N62="",AVERAGEIF(G62:G592,G62,N62:N592),N62) -> 8.1 | P62: 0.8 | Q62: =IF(P62="",AVERAGEIF(G62:G592,G62,P62:P592),P62) -> 0.8 | R62: unKNOwn | S62: =PROPER(Table3[[#This Row],[Cancer_Type]]) -> Unknown | V62: 1.7 | W62: =IF(Y62="Stage 0",RANDBETWEEN(9,10), IF(Y62="Stage I",RANDBETWEEN(7,8), IF(Y62="Stage II",RANDBETWEEN(5,6), IF(Y62="Stage III",RANDBETWEEN(3,4), IF(Y62="Stage IV",RANDBETWEEN(1,2),""))))) -> 6 | X62: 4.77 | Y62: =IF(X62<=2,"Stage 0",IF(X62<=4,"Stage I",IF(X62<=6,"Stage II",IF(X62<=8,"Stage III", "Stage IV")))) -> Stage II | Z62: =IF(U62<>"",U62,ROUND(AVERAGEIF(S62:S592,S62,U62:U592),2)) -> 47569.3
A63: PT0013073 | B63: 38 | C63: Female | D63: =PROPER(Table3[[#This Row],[Gender]]) -> Female | E63: China | F63: =PROPER(Table3[[#This Row],[Country_Region]]) -> China | G63: 2024 | H63: 7.8 | I63: =IF(H63="", AVERAGEIF('CLEANED DATASET'!$G$2:$G$532,G63,'CLEANED DATASET'!$H402),H63) -> 7.8 | J63: 9.4 | K63: =IF(J63="",ROUND(AVERAGEIF(G67:G593,G63,J63:J593),1),J63) -> 9.4 | L63: 1.7 | M63: =IF(L63="", AVERAGEIF(G63:G593, G63,L63:L593),L63) -> 1.7 | N63: 0.9 | O63: =IF(N63="",AVERAGEIF(G63:G593,G63,N63:N593),N63) -> 0.9 | P63: 9.5 | Q63: =IF(P63="",AVERAGEIF(G63:G593,G63,P63:P593),P63) -> 9.5 | R63: Liver | S63: =PROPER(Table3[[#This Row],[Cancer_Type]]) -> Liver | T63: Stage II | U63: 82680.06 | V63: 1.1 | W63: =IF(Y63="Stage 0",RANDBETWEEN(9,10), IF(Y63="Stage I",RANDBETWEEN(7,8), IF(Y63="Stage II",RANDBETWEEN(5,6), IF(Y63="Stage III",RANDBETWEEN(3,4), IF(Y63="Stage IV",RANDBETWEEN(1,2),""))))) -> 6 | X63: 4.7 | Y63: =IF(X63<=2,"Stage 0",IF(X63<=4,"Stage I",IF(X63<=6,"Stage II",IF(X63<=8,"Stage III", "Stage IV")))) -> Stage II | Z63: =IF(U63<>"",U63,ROUND(AVERAGEIF(S63:S593,S63,U63:U593),2)) -> 82680.06
A64: PT0013083 | B64: 78 | C64: Unknown | D64: =PROPER(Table3[[#This Row],[Gender]]) -> Unknown | E64: Russia | F64: =PROPER(Table3[[#This Row],[Country_Region]]) -> Russia | G64: 2022 | H64: 2.9 | I64: =IF(H64="", AVERAGEIF('CLEANED DATASET'!$G$2:$G$532,G64,'CLEANED DATASET'!$H63),H64) -> 2.9 | J64: 5.2 | K64: =IF(J64="",ROUND(AVERAGEIF(G68:G594,G64,J64:J594),1),J64) -> 5.2 | L64: 2.9 | M64: =IF(L64="", AVERAGEIF(G64:G594, G64,L64:L594),L64) -> 2.9 | N64: 4 | O64: =IF(N64="",AVERAGEIF(G64:G594,G64,N64:N594),N64) -> 4 | P64: 1.8 | Q64: =IF(P64="",AVERAGEIF(G64:G594,G64,P64:P594),P64) -> 1.8 | R64: Prostate | S64: =PROPER(Table3[[#This Row],[Cancer_Type]]) -> Prostate | T64: Stage II | U64: 45484.05 | V64: 0.4 | W64: =IF(Y64="Stage 0",RANDBETWEEN(9,10), IF(Y64="Stage I",RANDBETWEEN(7,8), IF(Y64="Stage II",RANDBETWEEN(5,6), IF(Y64="Stage III",RANDBETWEEN(3,4), IF(Y64="Stage IV",RANDBETWEEN(1,2),""))))) -> 8 | X64: 3.87 | Y64: =IF(X64<=2,"Stage 0",IF(X64<=4,"Stage I",IF(X64<=6,"Stage II",IF(X64<=8,"Stage III", "Stage IV")))) -> Stage I | Z64: =IF(U64<>"",U64,ROUND(AVERAGEIF(S64:S594,S64,U64:U594),2)) -> 45484.05
A65: PT0013116 | B65: 63 | C65: Other | D65: =PROPER(Table3[[#This Row],[Gender]]) -> Other | E65: Germany | F65: =PROPER(Table3[[#This Row],[Country_Region]]) -> Germany | G65: 2022 | H65: 9.8 | I65: =IF(H65="", AVERAGEIF('CLEANED DATASET'!$G$2:$G$532,G65,'CLEANED DATASET'!$H405),H65) -> 9.8 | J65: 2 | K65: =IF(J65="",ROUND(AVERAGEIF(G69:G595,G65,J65:J595),1),J65) -> 2 | L65: 1.4 | M65: =IF(L65="", AVERAGEIF(G65:G595, G65,L65:L595),L65) -> 1.4 | N65: 2.5 | O65: =IF(N65="",AVERAGEIF(G65:G595,G65,N65:N595),N65) -> 2.5 | P65: 0.5 | Q65: =IF(P65="",AVERAGEIF(G65:G595,G65,P65:P595),P65) -> 0.5 | R65: Prostate | S65: =PROPER(Table3[[#This Row],[Cancer_Type]]) -> Prostate | T65: Stage II | U65: 15087.76 | V65: =ROUND(10-((I65+K65+M65+O65+Q65)/5),1) -> 6.8 | W65: =IF(Y65="Stage 0",RANDBETWEEN(9,10), IF(Y65="Stage I",RANDBETWEEN(7,8), IF(Y65="Stage II",RANDBETWEEN(5,6), IF(Y65="Stage III",RANDBETWEEN(3,4), IF(Y65="Stage IV",RANDBETWEEN(1,2),""))))) -> 6 | X65: 4.72 | Y65: =IF(X65<=2,"Stage 0",IF(X65<=4,"Stage I",IF(X65<=6,"Stage II",IF(X65<=8,"Stage III", "Stage IV")))) -> Stage II | Z65: =IF(U65<>"",U65,ROUND(AVERAGEIF(S65:S595,S65,U65:U595),2)) -> 15087.76
A66: PT0013121 | B66: 72 | C66: Other | D66: =PROPER(Table3[[#This Row],[Gender]]) -> Other | E66: UK | F66: =PROPER(Table3[[#This Row],[Country_Region]]) -> Uk | G66: 2024 | H66: 0.1 | I66: =IF(H66="", AVERAGEIF('CLEANED DATASET'!$G$2:$G$532,G66,'CLEANED DATASET'!$H262),H66) -> 0.1 | J66: 4.6 | K66: =IF(J66="",ROUND(AVERAGEIF(G70:G596,G66,J66:J596),1),J66) -> 4.6 | L66: 9.8 | M66: =IF(L66="", AVERAGEIF(G66:G596, G66,L66:L596),L66) -> 9.8 | N66: 4.3 | O66: =IF(N66="",AVERAGEIF(G66:G596,G66,N66:N596),N66) -> 4.3 | Q66: =IF(P66="",AVERAGEIF(G66:G596,G66,P66:P596),P66) -> 4.2192857 | R66: unknown | S66: =PROPER(Table3[[#This Row],[Cancer_Type]]) -> Unknown | T66: Stage IV | V66: 0.5 | W66: =IF(Y66="Stage 0",RANDBETWEEN(9,10), IF(Y66="Stage I",RANDBETWEEN(7,8), IF(Y66="Stage II",RANDBETWEEN(5,6), IF(Y66="Stage III",RANDBETWEEN(3,4), IF(Y66="Stage IV",RANDBETWEEN(1,2),""))))) -> 1 | X66: =ROUND(I66+K66+M66+O66+Q66+(10-V66)/6, 2) -> 24.6 | Y66: =IF(X66<=2,"Stage 0",IF(X66<=4,"Stage I",IF(X66<=6,"Stage II",IF(X66<=8,"Stage III", "Stage IV")))) -> Stage IV | Z66: =IF(U66<>"",U66,ROUND(AVERAGEIF(S66:S596,S66,U66:U596),2)) -> 47569.3
A67: PT0013211 | B67: 20 | C67: Female | D67: =PROPER(Table3[[#This Row],[Gender]]) -> Female | E67: Australia | F67: =PROPER(Table3[[#This Row],[Country_Region]]) -> Australia | G67: 2024 | H67: 4.9 | I67: =IF(H67="", AVERAGEIF('CLEANED DATASET'!$G$2:$G$532,G67,'CLEANED DATASET'!$H317),H67) -> 4.9 | J67: 3.7 | K67: =IF(J67="",ROUND(AVERAGEIF(G71:G597,G67,J67:J597),1),J67) -> 3.7 | L67: 9.8 | M67: =IF(L67="", AVERAGEIF(G67:G597, G67,L67:L597),L67) -> 9.8 | N67: 2.8 | O67: =IF(N67="",AVERAGEIF(G67:G597,G67,N67:N597),N67) -> 2.8 | P67: 1.9 | Q67: =IF(P67="",AVERAGEIF(G67:G597,G67,P67:P597),P67) -> 1.9 | R67: Breast | S67: =PROPER(Table3[[#This Row],[Cancer_Type]]) -> Breast | T67: Stage II | U67: 75949.91 | V67: 8.1 | W67: =IF(Y67="Stage 0",RANDBETWEEN(9,10), IF(Y67="Stage I",RANDBETWEEN(7,8), IF(Y67="Stage II",RANDBETWEEN(5,6), IF(Y67="Stage III",RANDBETWEEN(3,4), IF(Y67="Stage IV",RANDBETWEEN(1,2),""))))) -> 6 | X67: 4.24 | Y67: =IF(X67<=2,"Stage 0",IF(X67<=4,"Stage I",IF(X67<=6,"Stage II",IF(X67<=8,"Stage III", "Stage IV")))) -> Stage II | Z67: =IF(U67<>"",U67,ROUND(AVERAGEIF(S67:S597,S67,U67:U597),2)) -> 75949.91
A68: PT0013233 | B68: 82 | C68: other | D68: =PROPER(Table3[[#This Row],[Gender]]) -> Other | E68: Germany | F68: =PROPER(Table3[[#This Row],[Country_Region]]) -> Germany | G68: 2022 | H68: 6.6 | I68: =IF(H68="", AVERAGEIF('CLEANED DATASET'!$G$2:$G$532,G68,'CLEANED DATASET'!$H452),H68) -> 6.6 | J68: 6 | K68: =IF(J68="",ROUND(AVERAGEIF(G72:G598,G68,J68:J598),1),J68) -> 6 | L68: 1.4 | M68: =IF(L68="", AVERAGEIF(G68:G598, G68,L68:L598),L68) -> 1.4 | N68: 4.1 | O68: =IF(N68="",AVERAGEIF(G68:G598,G68,N68:N598),N68) -> 4.1 | P68: 4.9 | Q68: =IF(P68="",AVERAGEIF(G68:G598,G68,P68:P598),P68) -> 4.9 | R68: Cervical | S68: =PROPER(Table3[[#This Row],[Cancer_Type]]) -> Cervical | T68: Stage IV | V68: 9.6 | W68: =IF(Y68="Stage 0",RANDBETWEEN(9,10), IF(Y68="Stage I",RANDBETWEEN(7,8), IF(Y68="Stage II",RANDBETWEEN(5,6), IF(Y68="Stage III",RANDBETWEEN(3,4), IF(Y68="Stage IV",RANDBETWEEN(1,2),""))))) -> 2 | X68: =ROUND(I68+K68+M68+O68+Q68+(10-V68)/6, 2) -> 23.07 | Y68: =IF(X68<=2,"Stage 0",IF(X68<=4,"Stage I",IF(X68<=6,"Stage II",IF(X68<=8,"Stage III", "Stage IV")))) -> Stage IV | Z68: =IF(U68<>"",U68,ROUND(AVERAGEIF(S68:S598,S68,U68:U598),2)) -> 48651.01
A69: PT0013236 | B69: 86 | C69: Male | D69: =PROPER(Table3[[#This Row],[Gender]]) -> Male | E69: Australia | F69: =PROPER(Table3[[#This Row],[Country_Region]]) -> Australia | G69: 2023 | H69: 8.3 | I69: =IF(H69="", AVERAGEIF('CLEANED DATASET'!$G$2:$G$532,G69,'CLEANED DATASET'!$H427),H69) -> 8.3 | J69: 6.3 | K69: =IF(J69="",ROUND(AVERAGEIF(G73:G599,G69,J69:J599),1),J69) -> 6.3 | L69: 8.5 | M69: =IF(L69="", AVERAGEIF(G69:G599, G69,L69:L599),L69) -> 8.5 | N69: 2.6 | O69: =IF(N69="",AVERAGEIF(G69:G599,G69,N69:N599),N69) -> 2.6 | P69: -99 | Q69: 99 | R69: Skin | S69: =PROPER(Table3[[#This Row],[Cancer_Type]]) -> Skin | T69: Stage 0 | U69: 47573.39 | V69: 3 | W69: =IF(Y69="Stage 0",RANDBETWEEN(9,10), IF(Y69="Stage I",RANDBETWEEN(7,8), IF(Y69="Stage II",RANDBETWEEN(5,6), IF(Y69="Stage III",RANDBETWEEN(3,4), IF(Y69="Stage IV",RANDBETWEEN(1,2),""))))) -> 5 | X69: 5.64 | Y69: =IF(X69<=2,"Stage 0",IF(X69<=4,"Stage I",IF(X69<=6,"Stage II",IF(X69<=8,"Stage III", "Stage IV")))) -> Stage II | Z69: =IF(U69<>"",U69,ROUND(AVERAGEIF(S69:S599,S69,U69:U599),2)) -> 47573.39
A70: PT0013341 | B70: 29 | C70: Female | D70: =PROPER(Table3[[#This Row],[Gender]]) -> Female | E70: Pakistan | F70: =PROPER(Table3[[#This Row],[Country_Region]]) -> Pakistan | G70: 2023 | H70: 4 | I70: =IF(H70="", AVERAGEIF('CLEANED DATASET'!$G$2:$G$532,G70,'CLEANED DATASET'!$H328),H70) -> 4 | J70: 0.6 | K70: =IF(J70="",ROUND(AVERAGEIF(G74:G600,G70,J70:J600),1),J70) -> 0.6 | L70: 8.8 | M70: =IF(L70="", AVERAGEIF(G70:G600, G70,L70:L600),L70) -> 8.8 | N70: 7.1 | O70: =IF(N70="",AVERAGEIF(G70:G600,G70,N70:N600),N70) -> 7.1 | P70: 0.8 | Q70: =IF(P70="",AVERAGEIF(G70:G600,G70,P70:P600),P70) -> 0.8 | R70: skin | S70: =PROPER(Table3[[#This Row],[Cancer_Type]]) -> Skin | T70: Stage II | U70: 26393.44 | V70: 4.1 | W70: =IF(Y70="Stage 0",RANDBETWEEN(9,10), IF(Y70="Stage I",RANDBETWEEN(7,8), IF(Y70="Stage II",RANDBETWEEN(5,6), IF(Y70="Stage III",RANDBETWEEN(3,4), IF(Y70="Stage IV",RANDBETWEEN(1,2),""))))) -> 5 | X70: 5.18 | Y70: =IF(X70<=2,"Stage 0",IF(X70<=4,"Stage I",IF(X70<=6,"Stage II",IF(X70<=8,"Stage III", "Stage IV")))) -> Stage II | Z70: =IF(U70<>"",U70,ROUND(AVERAGEIF(S70:S600,S70,U70:U600),2)) -> 26393.44
A71: PT0013409 | B71: 64 | C71: Male | D71: =PROPER(Table3[[#This Row],[Gender]]) -> Male | E71: uk | F71: =PROPER(Table3[[#This Row],[Country_Region]]) -> Uk | G71: 2023 | H71: 2.2 | I71: =IF(H71="", AVERAGEIF('CLEANED DATASET'!$G$2:$G$532,G71,'CLEANED DATASET'!$H170),H71) -> 2.2 | J71: 0.5 | K71: =IF(J71="",ROUND(AVERAGEIF(G75:G601,G71,J71:J601),1),J71) -> 0.5 | L71: 0.4 | M71: =IF(L71="", AVERAGEIF(G71:G601, G71,L71:L601),L71) -> 0.4 | N71: 7.7 | O71: =IF(N71="",AVERAGEIF(G71:G601,G71,N71:N601),N71) -> 7.7 | P71: 1.7 | Q71: =IF(P71="",AVERAGEIF(G71:G601,G71,P71:P601),P71) -> 1.7 | R71: Skin | S71: =PROPER(Table3[[#This Row],[Cancer_Type]]) -> Skin | T71: Stage I | U71: 13901.15 | V71: 4.9 | W71: =IF(Y71="Stage 0",RANDBETWEEN(9,10), IF(Y71="Stage I",RANDBETWEEN(7,8), IF(Y71="Stage II",RANDBETWEEN(5,6), IF(Y71="Stage III",RANDBETWEEN(3,4), IF(Y71="Stage IV",RANDBETWEEN(1,2),""))))) -> 6 | X71: 4.01 | Y71: =IF(X71<=2,"Stage 0",IF(X71<=4,"Stage I",IF(X71<=6,"Stage II",IF(X71<=8,"Stage III", "Stage IV")))) -> Stage II | Z71: =IF(U71<>"",U71,ROUND(AVERAGEIF(S71:S601,S71,U71:U601),2)) -> 13901.15
A72: PT0013484 | B72: 29 | C72: Male | D72: =PROPER(Table3[[#This Row],[Gender]]) -> Male | E72: Canada | F72: =PROPER(Table3[[#This Row],[Country_Region]]) -> Canada | G72: 2022 | H72: 1.5 | I72: =IF(H72="", AVERAGEIF('CLEANED DATASET'!$G$2:$G$532,G72,'CLEANED DATASET'!$H126),H72) -> 1.5 | J72: 1.8 | K72: =IF(J72="",ROUND(AVERAGEIF(G76:G602,G72,J72:J602),1),J72) -> 1.8 | L72: 2.4 | M72: =IF(L72="", AVERAGEIF(G72:G602, G72,L72:L602),L72) -> 2.4 | N72: 0.3 | O72: =IF(N72="",AVERAGEIF(G72:G602,G72,N72:N602),N72) -> 0.3 | P72: 8 | Q72: =IF(P72="",AVERAGEIF(G72:G602,G72,P72:P602),P72) -> 8 | R72: Colon | S72: =PROPER(Table3[[#This Row],[Cancer_Type]]) -> Colon | T72: Stage IV | V72: =ROUND(10-((I72+K72+M72+O72+Q72)/5),1) -> 7.2 | W72: =IF(Y72="Stage 0",RANDBETWEEN(9,10), IF(Y72="Stage I",RANDBETWEEN(7,8), IF(Y72="Stage II",RANDBETWEEN(5,6), IF(Y72="Stage III",RANDBETWEEN(3,4), IF(Y72="Stage IV",RANDBETWEEN(1,2),""))))) -> 7 | X72: 2.07 | Y72: =IF(X72<=2,"Stage 0",IF(X72<=4,"Stage I",IF(X72<=6,"Stage II",IF(X72<=8,"Stage III", "Stage IV")))) -> Stage I | Z72: =IF(U72<>"",U72,ROUND(AVERAGEIF(S72:S602,S72,U72:U602),2)) -> 58769.82
A73: PT0013519 | B73: 66 | C73: Female | D73: =PROPER(Table3[[#This Row],[Gender]]) -> Female | E73: USA | F73: =PROPER(Table3[[#This Row],[Country_Region]]) -> Usa | G73: 2022 | H73: 1.5 | I73: =IF(H73="", AVERAGEIF('CLEANED DATASET'!$G$2:$G$532,G73,'CLEANED DATASET'!$H221),H73) -> 1.5 | J73: 1.7 | K73: =IF(J73="",ROUND(AVERAGEIF(G77:G603,G73,J73:J603),1),J73) -> 1.7 | L73: 6.1 | M73: =IF(L73="", AVERAGEIF(G73:G603, G73,L73:L603),L73) -> 6.1 | N73: 6.3 | O73: =IF(N73="",AVERAGEIF(G73:G603,G73,N73:N603),N73) -> 6.3 | P73: 1.2 | Q73: =IF(P73="",AVERAGEIF(G73:G603,G73,P73:P603),P73) -> 1.2 | R73: leukemia | S73: =PROPER(Table3[[#This Row],[Cancer_Type]]) -> Leukemia | T73: Stage I | U73: 8263.86 | V73: 5.6 | W73: =IF(Y73="Stage 0",RANDBETWEEN(9,10), IF(Y73="Stage I",RANDBETWEEN(7,8), IF(Y73="Stage II",RANDBETWEEN(5,6), IF(Y73="Stage III",RANDBETWEEN(3,4), IF(Y73="Stage IV",RANDBETWEEN(1,2),""))))) -> 5 | X73: 4.68 | Y73: =IF(X73<=2,"Stage 0",IF(X73<=4,"Stage I",IF(X73<=6,"Stage II",IF(X73<=8,"Stage III", "Stage IV")))) -> Stage II | Z73: =IF(U73<>"",U73,ROUND(AVERAGEIF(S73:S603,S73,U73:U603),2)) -> 8263.86
A74: PT0013550 | B74: 66 | C74: Female | D74: =PROPER(Table3[[#This Row],[Gender]]) -> Female | E74: Australia | F74: =PROPER(Table3[[#This Row],[Country_Region]]) -> Australia | G74: 2024 | H74: 4.1 | I74: =IF(H74="", AVERAGEIF('CLEANED DATASET'!$G$2:$G$532,G74,'CLEANED DATASET'!$H90),H74) -> 4.1 | J74: 8.7 | K74: =IF(J74="",ROUND(AVERAGEIF(G78:G604,G74,J74:J604),1),J74) -> 8.7 | L74: 4.3 | M74: =IF(L74="", AVERAGEIF(G74:G604, G74,L74:L604),L74) -> 4.3 | N74: 1.4 | O74: =IF(N74="",AVERAGEIF(G74:G604,G74,N74:N604),N74) -> 1.4 | P74: 7.2 | Q74: =IF(P74="",AVERAGEIF(G74:G604,G74,P74:P604),P74) -> 7.2 | R74: Leukemia | S74: =PROPER(Table3[[#This Row],[Cancer_Type]]) -> Leukemia | T74: Stage 0 | U74: 99709.77 | V74: 8 | W74: =IF(Y74="Stage 0",RANDBETWEEN(9,10), IF(Y74="Stage I",RANDBETWEEN(7,8), IF(Y74="Stage II",RANDBETWEEN(5,6), IF(Y74="Stage III",RANDBETWEEN(3,4), IF(Y74="Stage IV",RANDBETWEEN(1,2),""))))) -> 7 | X74: 3.78 | Y74: =IF(X74<=2,"Stage 0",IF(X74<=4,"Stage I",IF(X74<=6,"Stage II",IF(X74<=8,"Stage III", "Stage IV")))) -> Stage I | Z74: =IF(U74<>"",U74,ROUND(AVERAGEIF(S74:S604,S74,U74:U604),2)) -> 99709.77
A75: PT0013569 | B75: 30 | C75: Other | D75: =PROPER(Table3[[#This Row],[Gender]]) -> Other | E75: Australia | F75: =PROPER(Table3[[#This Row],[Country_Region]]) -> Australia | G75: 2023 | H75: 3.6 | I75: =IF(H75="", AVERAGEIF('CLEANED DATASET'!$G$2:$G$532,G75,'CLEANED DATASET'!$H245),H75) -> 3.6 | J75: 7.9 | K75: =IF(J75="",ROUND(AVERAGEIF(G79:G605,G75,J75:J605),1),J75) -> 7.9 | L75: 7.2 | M75: =IF(L75="", AVERAGEIF(G75:G605, G75,L75:L605),L75) -> 7.2 | N75: 4.7 | O75: =IF(N75="",AVERAGEIF(G75:G605,G75,N75:N605),N75) -> 4.7 | P75: 7.5 | Q75: =IF(P75="",AVERAGEIF(G75:G605,G75,P75:P605),P75) -> 7.5 | R75: Colon | S75: =PROPER(Table3[[#This Row],[Cancer_Type]]) -> Colon | T75: Stage III | U75: 71512.58 | V75: 6.9 | W75: =IF(Y75="Stage 0",RANDBETWEEN(9,10), IF(Y75="Stage I",RANDBETWEEN(7,8), IF(Y75="Stage II",RANDBETWEEN(5,6), IF(Y75="Stage III",RANDBETWEEN(3,4), IF(Y75="Stage IV",RANDBETWEEN(1,2),""))))) -> 6 | X75: 5.24 | Y75: =IF(X75<=2,"Stage 0",IF(X75<=4,"Stage I",IF(X75<=6,"Stage II",IF(X75<=8,"Stage III", "Stage IV")))) -> Stage II | Z75: =IF(U75<>"",U75,ROUND(AVERAGEIF(S75:S605,S75,U75:U605),2)) -> 71512.58
A76: PT0013722 | B76: 88 | C76: Male | D76: =PROPER(Table3[[#This Row],[Gender]]) -> Male | E76: Germany | F76: =PROPER(Table3[[#This Row],[Country_Region]]) -> Germany | G76: 2024 | H76: 6.3 | I76: =IF(H76="", AVERAGEIF('CLEANED DATASET'!$G$2:$G$532,G76,'CLEANED DATASET'!$H25),H76) -> 6.3 | J76: 5.7 | K76: =IF(J76="",ROUND(AVERAGEIF(G80:G606,G76,J76:J606),1),J76) -> 5.7 | L76: 5.9 | M76: =IF(L76="", AVERAGEIF(G76:G606, G76,L76:L606),L76) -> 5.9 | N76: 5.5 | O76: =IF(N76="",AVERAGEIF(G76:G606,G76,N76:N606),N76) -> 5.5 | P76: 8.8 | Q76: =IF(P76="",AVERAGEIF(G76:G606,G76,P76:P606),P76) -> 8.8 | R76: Prostate | S76: =PROPER(Table3[[#This Row],[Cancer_Type]]) -> Prostate | T76: Stage I | U76: 12383.08 | V76: 5.3 | W76: =IF(Y76="Stage 0",RANDBETWEEN(9,10), IF(Y76="Stage I",RANDBETWEEN(7,8), IF(Y76="Stage II",RANDBETWEEN(5,6), IF(Y76="Stage III",RANDBETWEEN(3,4), IF(Y76="Stage IV",RANDBETWEEN(1,2),""))))) -> 4 | X76: 6.73 | Y76: =IF(X76<=2,"Stage 0",IF(X76<=4,"Stage I",IF(X76<=6,"Stage II",IF(X76<=8,"Stage III", "Stage IV")))) -> Stage III | Z76: =IF(U76<>"",U76,ROUND(AVERAGEIF(S76:S606,S76,U76:U606),2)) -> 12383.08
A77: PT0013867 | B77: 71 | C77: Other | D77: =PROPER(Table3[[#This Row],[Gender]]) -> Other | E77: Germany | F77: =PROPER(Table3[[#This Row],[Country_Region]]) -> Germany | G77: 2023 | H77: 7.5 | I77: =IF(H77="", AVERAGEIF('CLEANED DATASET'!$G$2:$G$532,G77,'CLEANED DATASET'!$H20),H77) -> 7.5 | J77: 2 | K77: =IF(J77="",ROUND(AVERAGEIF(G81:G607,G77,J77:J607),1),J77) -> 2 | L77: 2.7 | M77: =IF(L77="", AVERAGEIF(G77:G607, G77,L77:L607),L77) -> 2.7 | N77: 2 | O77: =IF(N77="",AVERAGEIF(G77:G607,G77,N77:N607),N77) -> 2 | P77: 8.4 | Q77: =IF(P77="",AVERAGEIF(G77:G607,G77,P77:P607),P77) -> 8.4 | R77: Skin | S77: =PROPER(Table3[[#This Row],[Cancer_Type]]) -> Skin | T77: Stage I | V77: =ROUND(10-((I77+K77+M77+O77+Q77)/5),1) -> 5.5 | W77: =IF(Y77="Stage 0",RANDBETWEEN(9,10), IF(Y77="Stage I",RANDBETWEEN(7,8), IF(Y77="Stage II",RANDBETWEEN(5,6), IF(Y77="Stage III",RANDBETWEEN(3,4), IF(Y77="Stage IV",RANDBETWEEN(1,2),""))))) -> 8 | X77: 3.79 | Y77: =IF(X77<=2,"Stage 0",IF(X77<=4,"Stage I",IF(X77<=6,"Stage II",IF(X77<=8,"Stage III", "Stage IV")))) -> Stage I | Z77: =IF(U77<>"",U77,ROUND(AVERAGEIF(S77:S607,S77,U77:U607),2)) -> 50256.44
A78: PT0013880 | B78: 28 | C78: Female | D78: =PROPER(Table3[[#This Row],[Gender]]) -> Female | E78: China | F78: =PROPER(Table3[[#This Row],[Country_Region]]) -> China | G78: 2023 | H78: 3.6 | I78: =IF(H78="", AVERAGEIF('CLEANED DATASET'!$G$2:$G$532,G78,'CLEANED DATASET'!$H18),H78) -> 3.6 | J78: 5.6 | K78: =IF(J78="",ROUND(AVERAGEIF(G82:G608,G78,J78:J608),1),J78) -> 5.6 | L78: 5.8 | M78: =IF(L78="", AVERAGEIF(G78:G608, G78,L78:L608),L78) -> 5.8 | N78: 6.1 | O78: =IF(N78="",AVERAGEIF(G78:G608,G78,N78:N608),N78) -> 6.1 | P78: 8.9 | Q78: =IF(P78="",AVERAGEIF(G78:G608,G78,P78:P608),P78) -> 8.9 | R78: Cervical | S78: =PROPER(Table3[[#This Row],[Cancer_Type]]) -> Cervical | T78: Stage 0 | U78: 63100.02 | V78: 9.1 | W78: =IF(Y78="Stage 0",RANDBETWEEN(9,10), IF(Y78="Stage I",RANDBETWEEN(7,8), IF(Y78="Stage II",RANDBETWEEN(5,6), IF(Y78="Stage III",RANDBETWEEN(3,4), IF(Y78="Stage IV",RANDBETWEEN(1,2),""))))) -> 5 | X78: 5.28 | Y78: =IF(X78<=2,"Stage 0",IF(X78<=4,"Stage I",IF(X78<=6,"Stage II",IF(X78<=8,"Stage III", "Stage IV")))) -> Stage II | Z78: =IF(U78<>"",U78,ROUND(AVERAGEIF(S78:S608,S78,U78:U608),2)) -> 63100.02
A79: PT0013909 | B79: 51 | C79: Male | D79: =PROPER(Table3[[#This Row],[Gender]]) -> Male | E79: Canada | F79: =PROPER(Table3[[#This Row],[Country_Region]]) -> Canada | G79: 2023 | H79: 4.8 | I79: =IF(H79="", AVERAGEIF('CLEANED DATASET'!$G$2:$G$532,G79,'CLEANED DATASET'!$H474),H79) -> 4.8 | J79: 7.3 | K79: =IF(J79="",ROUND(AVERAGEIF(G83:G609,G79,J79:J609),1),J79) -> 7.3 | L79: 5 | M79: =IF(L79="", AVERAGEIF(G79:G609, G79,L79:L609),L79) -> 5 | N79: 1.8 | O79: =IF(N79="",AVERAGEIF(G79:G609,G79,N79:N609),N79) -> 1.8 | P79: 7.4 | Q79: =IF(P79="",AVERAGEIF(G79:G609,G79,P79:P609),P79) -> 7.4 | R79: Liver | S79: =PROPER(Table3[[#This Row],[Cancer_Type]]) -> Liver | T79: Stage III | U79: 27043.91 | V79: 9.4 | W79: =IF(Y79="Stage 0",RANDBETWEEN(9,10), IF(Y79="Stage I",RANDBETWEEN(7,8), IF(Y79="Stage II",RANDBETWEEN(5,6), IF(Y79="Stage III",RANDBETWEEN(3,4), IF(Y79="Stage IV",RANDBETWEEN(1,2),""))))) -> 6 | X79: 5.36 | Y79: =IF(X79<=2,"Stage 0",IF(X79<=4,"Stage I",IF(X79<=6,"Stage II",IF(X79<=8,"Stage III", "Stage IV")))) -> Stage II | Z79: =IF(U79<>"",U79,ROUND(AVERAGEIF(S79:S609,S79,U79:U609),2)) -> 27043.91
A80: PT0014045 | B80: 41 | C80: Other | D80: =PROPER(Table3[[#This Row],[Gender]]) -> Other | E80: India | F80: =PROPER(Table3[[#This Row],[Country_Region]]) -> India | G80: 2023 | H80: 5.3 | I80: =IF(H80="", AVERAGEIF('CLEANED DATASET'!$G$2:$G$532,G80,'CLEANED DATASET'!$H44),H80) -> 5.3 | J80: 0.5 | K80: =IF(J80="",ROUND(AVERAGEIF(G84:G610,G80,J80:J610),1),J80) -> 0.5 | L80: 3.5 | M80: =IF(L80="", AVERAGEIF(G80:G610, G80,L80:L610),L80) -> 3.5 | N80: 0 | O80: =IF(N80="",AVERAGEIF(G80:G610,G80,N80:N610),N80) -> 0 | P80: 1.2 | Q80: =IF(P80="",AVERAGEIF(G80:G610,G80,P80:P610),P80) -> 1.2 | R80: Unknown | S80: =PROPER(Table3[[#This Row],[Cancer_Type]]) -> Unknown | T80: Stage II | U80: 16485.2 | V80: 4.7 | W80: =IF(Y80="Stage 0",RANDBETWEEN(9,10), IF(Y80="Stage I",RANDBETWEEN(7,8), IF(Y80="Stage II",RANDBETWEEN(5,6), IF(Y80="Stage III",RANDBETWEEN(3,4), IF(Y80="Stage IV",RANDBETWEEN(1,2),""))))) -> 7 | X80: 3.45 | Y80: =IF(X80<=2,"Stage 0",IF(X80<=4,"Stage I",IF(X80<=6,"Stage II",IF(X80<=8,"Stage III", "Stage IV")))) -> Stage I | Z80: =IF(U80<>"",U80,ROUND(AVERAGEIF(S80:S610,S80,U80:U610),2)) -> 16485.2
A81: PT0014083 | B81: 75 | C81: Female | D81: =PROPER(Table3[[#This Row],[Gender]]) -> Female | E81: Brazil | F81: =PROPER(Table3[[#This Row],[Country_Region]]) -> Brazil | G81: 2024 | H81: 2.1 | I81: =IF(H81="", AVERAGEIF('CLEANED DATASET'!$G$2:$G$532,G81,'CLEANED DATASET'!$H483),H81) -> 2.1 | J81: 0.6 | K81: =IF(J81="",ROUND(AVERAGEIF(G85:G611,G81,J81:J611),1),J81) -> 0.6 | L81: 2.6 | M81: =IF(L81="", AVERAGEIF(G81:G611, G81,L81:L611),L81) -> 2.6 | N81: 5.8 | O81: =IF(N81="",AVERAGEIF(G81:G611,G81,N81:N611),N81) -> 5.8 | P81: 8.1 | Q81: =IF(P81="",AVERAGEIF(G81:G611,G81,P81:P611),P81) -> 8.1 | R81: Skin | S81: =PROPER(Table3[[#This Row],[Cancer_Type]]) -> Skin | T81: Stage II | U81: 44650.57 | V81: 0.3 | W81: =IF(Y81="Stage 0",RANDBETWEEN(9,10), IF(Y81="Stage I",RANDBETWEEN(7,8), IF(Y81="Stage II",RANDBETWEEN(5,6), IF(Y81="Stage III",RANDBETWEEN(3,4), IF(Y81="Stage IV",RANDBETWEEN(1,2),""))))) -> 7 | X81: 3.98 | Y81: =IF(X81<=2,"Stage 0",IF(X81<=4,"Stage I",IF(X81<=6,"Stage II",IF(X81<=8,"Stage III", "Stage IV")))) -> Stage I | Z81: =IF(U81<>"",U81,ROUND(AVERAGEIF(S81:S611,S81,U81:U611),2)) -> 44650.57
A82: PT0014112 | B82: 82 | C82: Other | D82: =PROPER(Table3[[#This Row],[Gender]]) -> Other | E82: UK | F82: =PROPER(Table3[[#This Row],[Country_Region]]) -> Uk | G82: 2022 | I82: =IF(H82="", AVERAGEIF('CLEANED DATASET'!$G$2:$G$532,G82,'CLEANED DATASET'!$H29),H82) -> 5.5143713 | J82: 0 | K82: =IF(J82="",ROUND(AVERAGEIF(G86:G612,G82,J82:J612),1),J82) -> 0 | L82: 7 | M82: =IF(L82="", AVERAGEIF(G82:G612, G82,L82:L612),L82) -> 7 | N82: 5.3 | O82: =IF(N82="",AVERAGEIF(G82:G612,G82,N82:N612),N82) -> 5.3 | P82: 4.8 | Q82: =IF(P82="",AVERAGEIF(G82:G612,G82,P82:P612),P82) -> 4.8 | R82: colon | S82: =PROPER(Table3[[#This Row],[Cancer_Type]]) -> Colon | T82: Stage II | U82: 43644.15 | V82: 2.6 | W82: =IF(Y82="Stage 0",RANDBETWEEN(9,10), IF(Y82="Stage I",RANDBETWEEN(7,8), IF(Y82="Stage II",RANDBETWEEN(5,6), IF(Y82="Stage III",RANDBETWEEN(3,4), IF(Y82="Stage IV",RANDBETWEEN(1,2),""))))) -> 6 | X82: 5.32 | Y82: =IF(X82<=2,"Stage 0",IF(X82<=4,"Stage I",IF(X82<=6,"Stage II",IF(X82<=8,"Stage III", "Stage IV")))) -> Stage II | Z82: =IF(U82<>"",U82,ROUND(AVERAGEIF(S82:S612,S82,U82:U612),2)) -> 43644.15
A83: PT0014359 | B83: 58 | C83: Other | D83: =PROPER(Table3[[#This Row],[Gender]]) -> Other | E83: Canada | F83: =PROPER(Table3[[#This Row],[Country_Region]]) -> Canada | G83: 2023 | H83: 2.9 | I83: =IF(H83="", AVERAGEIF('CLEANED DATASET'!$G$2:$G$532,G83,'CLEANED DATASET'!$H65),H83) -> 2.9 | J83: 7.5 | K83: =IF(J83="",ROUND(AVERAGEIF(G87:G613,G83,J83:J613),1),J83) -> 7.5 | L83: 5.7 | M83: =IF(L83="", AVERAGEIF(G83:G613, G83,L83:L613),L83) -> 5.7 | N83: 4.2 | O83: =IF(N83="",AVERAGEIF(G83:G613,G83,N83:N613),N83) -> 4.2 | P83: 1.8 | Q83: =IF(P83="",AVERAGEIF(G83:G613,G83,P83:P613),P83) -> 1.8 | R83: Liver | S83: =PROPER(Table3[[#This Row],[Cancer_Type]]) -> Liver | T83: Stage IV | U83: 18138.22 | V83: 0.4 | W83: =IF(Y83="Stage 0",RANDBETWEEN(9,10), IF(Y83="Stage I",RANDBETWEEN(7,8), IF(Y83="Stage II",RANDBETWEEN(5,6), IF(Y83="Stage III",RANDBETWEEN(3,4), IF(Y83="Stage IV",RANDBETWEEN(1,2),""))))) -> 5 | X83: 5.22 | Y83: =IF(X83<=2,"Stage 0",IF(X83<=4,"Stage I",IF(X83<=6,"Stage II",IF(X83<=8,"Stage III", "Stage IV")))) -> Stage II | Z83: =IF(U83<>"",U83,ROUND(AVERAGEIF(S83:S613,S83,U83:U613),2)) -> 18138.22
A84: PT0014378 | B84: 77 | C84: Male | D84: =PROPER(Table3[[#This Row],[Gender]]) -> Male | E84: Germany | F84: =PROPER(Table3[[#This Row],[Country_Region]]) -> Germany | G84: 2024 | H84: 6.2 | I84: =IF(H84="", AVERAGEIF('CLEANED DATASET'!$G$2:$G$532,G84,'CLEANED DATASET'!$H395),H84) -> 6.2 | J84: 7.5 | K84: =IF(J84="",ROUND(AVERAGEIF(G88:G614,G84,J84:J614),1),J84) -> 7.5 | L84: 8.3 | M84: =IF(L84="", AVERAGEIF(G84:G614, G84,L84:L614),L84) -> 8.3 | N84: 1.2 | O84: =IF(N84="",AVERAGEIF(G84:G614,G84,N84:N614),N84) -> 1.2 | P84: 9.8 | Q84: =IF(P84="",AVERAGEIF(G84:G614,G84,P84:P614),P84) -> 9.8 | R84: Liver | S84: =PROPER(Table3[[#This Row],[Cancer_Type]]) -> Liver | T84: Stage IV | U84: 78238.86 | V84: 7.6 | W84: =IF(Y84="Stage 0",RANDBETWEEN(9,10), IF(Y84="Stage I",RANDBETWEEN(7,8), IF(Y84="Stage II",RANDBETWEEN(5,6), IF(Y84="Stage III",RANDBETWEEN(3,4), IF(Y84="Stage IV",RANDBETWEEN(1,2),""))))) -> 6 | X84: 5.27 | Y84: =IF(X84<=2,"Stage 0",IF(X84<=4,"Stage I",IF(X84<=6,"Stage II",IF(X84<=8,"Stage III", "Stage IV")))) -> Stage II | Z84: =IF(U84<>"",U84,ROUND(AVERAGEIF(S84:S614,S84,U84:U614),2)) -> 78238.86
A85: PT0014430 | B85: 33 | C85: Other | D85: =PROPER(Table3[[#This Row],[Gender]]) -> Other | E85: india | F85: =PROPER(Table3[[#This Row],[Country_Region]]) -> India | G85: 2022 | H85: 3.6 | I85: =IF(H85="", AVERAGEIF('CLEANED DATASET'!$G$2:$G$532,G85,'CLEANED DATASET'!$H454),H85) -> 3.6 | J85: 5 | K85: =IF(J85="",ROUND(AVERAGEIF(G89:G615,G85,J85:J615),1),J85) -> 5 | L85: 9.3 | M85: =IF(L85="", AVERAGEIF(G85:G615, G85,L85:L615),L85) -> 9.3 | N85: 6.7 | O85: =IF(N85="",AVERAGEIF(G85:G615,G85,N85:N615),N85) -> 6.7 | P85: 3.2 | Q85: =IF(P85="",AVERAGEIF(G85:G615,G85,P85:P615),P85) -> 3.2 | R85: COLON | S85: =PROPER(Table3[[#This Row],[Cancer_Type]]) -> Colon | T85: Stage IV | V85: 0.9 | W85: =IF(Y85="Stage 0",RANDBETWEEN(9,10), IF(Y85="Stage I",RANDBETWEEN(7,8), IF(Y85="Stage II",RANDBETWEEN(5,6), IF(Y85="Stage III",RANDBETWEEN(3,4), IF(Y85="Stage IV",RANDBETWEEN(1,2),""))))) -> 3 | X85: 6.2 | Y85: =IF(X85<=2,"Stage 0",IF(X85<=4,"Stage I",IF(X85<=6,"Stage II",IF(X85<=8,"Stage III", "Stage IV")))) -> Stage III | Z85: =IF(U85<>"",U85,ROUND(AVERAGEIF(S85:S615,S85,U85:U615),2)) -> 58818.45
A86: PT0014587 | B86: 28 | C86: Male | D86: =PROPER(Table3[[#This Row],[Gender]]) -> Male | E86: Brazil | F86: =PROPER(Table3[[#This Row],[Country_Region]]) -> Brazil | G86: 2024 | H86: 4.1 | I86: =IF(H86="", AVERAGEIF('CLEANED DATASET'!$G$2:$G$532,G86,'CLEANED DATASET'!$H482),H86) -> 4.1 | J86: 1 | K86: =IF(J86="",ROUND(AVERAGEIF(G90:G616,G86,J86:J616),1),J86) -> 1 | L86: 9.6 | M86: =IF(L86="", AVERAGEIF(G86:G616, G86,L86:L616),L86) -> 9.6 | N86: 2.7 | O86: =IF(N86="",AVERAGEIF(G86:G616,G86,N86:N616),N86) -> 2.7 | P86: 0.1 | Q86: =IF(P86="",AVERAGEIF(G86:G616,G86,P86:P616),P86) -> 0.1 | R86: Liver | S86: =PROPER(Table3[[#This Row],[Cancer_Type]]) -> Liver | T86: Stage II | U86: 88218.13 | V86: 6.8 | W86: =IF(Y86="Stage 0",RANDBETWEEN(9,10), IF(Y86="Stage I",RANDBETWEEN(7,8), IF(Y86="Stage II",RANDBETWEEN(5,6), IF(Y86="Stage III",RANDBETWEEN(3,4), IF(Y86="Stage IV",RANDBETWEEN(1,2),""))))) -> 7 | X86: 3.2 | Y86: =IF(X86<=2,"Stage 0",IF(X86<=4,"Stage I",IF(X86<=6,"Stage II",IF(X86<=8,"Stage III", "Stage IV")))) -> Stage I | Z86: =IF(U86<>"",U86,ROUND(AVERAGEIF(S86:S616,S86,U86:U616),2)) -> 88218.13
A87: PT0014659 | B87: 64 | C87: Other | D87: =PROPER(Table3[[#This Row],[Gender]]) -> Other | E87: China | F87: =PROPER(Table3[[#This Row],[Country_Region]]) -> China | G87: 2024 | H87: 3.1 | I87: =IF(H87="", AVERAGEIF('CLEANED DATASET'!$G$2:$G$532,G87,'CLEANED DATASET'!$H378),H87) -> 3.1 | J87: 3.5 | K87: =IF(J87="",ROUND(AVERAGEIF(G91:G617,G87,J87:J617),1),J87) -> 3.5 | L87: 6.1 | M87: =IF(L87="", AVERAGEIF(G87:G617, G87,L87:L617),L87) -> 6.1 | N87: 4.6 | O87: =IF(N87="",AVERAGEIF(G87:G617,G87,N87:N617),N87) -> 4.6 | P87: 8.3 | Q87: =IF(P87="",AVERAGEIF(G87:G617,G87,P87:P617),P87) -> 8.3 | R87: LUNG | S87: =PROPER(Table3[[#This Row],[Cancer_Type]]) -> Lung | T87: Stage IV | U87: 21815.69 | V87: 7.7 | W87: =IF(Y87="Stage 0",RANDBETWEEN(9,10), IF(Y87="Stage I",RANDBETWEEN(7,8), IF(Y87="Stage II",RANDBETWEEN(5,6), IF(Y87="Stage III",RANDBETWEEN(3,4), IF(Y87="Stage IV",RANDBETWEEN(1,2),""))))) -> 6 | X87: 5.37 | Y87: =IF(X87<=2,"Stage 0",IF(X87<=4,"Stage I",IF(X87<=6,"Stage II",IF(X87<=8,"Stage III", "Stage IV")))) -> Stage II | Z87: =IF(U87<>"",U87,ROUND(AVERAGEIF(S87:S617,S87,U87:U617),2)) -> 21815.69
A88: PT0014704 | B88: 77 | C88: Other | D88: =PROPER(Table3[[#This Row],[Gender]]) -> Other | E88: Brazil | F88: =PROPER(Table3[[#This Row],[Country_Region]]) -> Brazil | G88: 2022 | H88: 9.1 | I88: =IF(H88="", AVERAGEIF('CLEANED DATASET'!$G$2:$G$532,G88,'CLEANED DATASET'!$H162),H88) -> 9.1 | J88: 3.1 | K88: =IF(J88="",ROUND(AVERAGEIF(G92:G618,G88,J88:J618),1),J88) -> 3.1 | M88: =IF(L88="", AVERAGEIF(G88:G618, G88,L88:L618),L88) -> 4.8227586 | N88: 2 | O88: =IF(N88="",AVERAGEIF(G88:G618,G88,N88:N618),N88) -> 2 | P88: 4.2 | Q88: =IF(P88="",AVERAGEIF(G88:G618,G88,P88:P618),P88) -> 4.2 | R88: Liver | S88: =PROPER(Table3[[#This Row],[Cancer_Type]]) -> Liver | T88: Stage II | U88: 65662.77 | V88: 2.7 | W88: =IF(Y88="Stage 0",RANDBETWEEN(9,10), IF(Y88="Stage I",RANDBETWEEN(7,8), IF(Y88="Stage II",RANDBETWEEN(5,6), IF(Y88="Stage III",RANDBETWEEN(3,4), IF(Y88="Stage IV",RANDBETWEEN(1,2),""))))) -> 8 | X88: 3.82 | Y88: =IF(X88<=2,"Stage 0",IF(X88<=4,"Stage I",IF(X88<=6,"Stage II",IF(X88<=8,"Stage III", "Stage IV")))) -> Stage I | Z88: =IF(U88<>"",U88,ROUND(AVERAGEIF(S88:S618,S88,U88:U618),2)) -> 65662.77
A89: PT0014732 | B89: 36 | C89: Male | D89: =PROPER(Table3[[#This Row],[Gender]]) -> Male | E89: Pakistan | F89: =PROPER(Table3[[#This Row],[Country_Region]]) -> Pakistan | G89: 2023 | H89: 9.7 | I89: =IF(H89="", AVERAGEIF('CLEANED DATASET'!$G$2:$G$532,G89,'CLEANED DATASET'!$H440),H89) -> 9.7 | J89: 7.8 | K89: =IF(J89="",ROUND(AVERAGEIF(G93:G619,G89,J89:J619),1),J89) -> 7.8 | L89: 2.7 | M89: =IF(L89="", AVERAGEIF(G89:G619, G89,L89:L619),L89) -> 2.7 | N89: 5.3 | O89: =IF(N89="",AVERAGEIF(G89:G619,G89,N89:N619),N89) -> 5.3 | P89: 3 | Q89: =IF(P89="",AVERAGEIF(G89:G619,G89,P89:P619),P89) -> 3 | R89: Prostate | S89: =PROPER(Table3[[#This Row],[Cancer_Type]]) -> Prostate | T89: Stage IV | U89: 26926.13 | V89: 9.2 | W89: =IF(Y89="Stage 0",RANDBETWEEN(9,10), IF(Y89="Stage I",RANDBETWEEN(7,8), IF(Y89="Stage II",RANDBETWEEN(5,6), IF(Y89="Stage III",RANDBETWEEN(3,4), IF(Y89="Stage IV",RANDBETWEEN(1,2),""))))) -> 4 | X89: 6.34 | Y89: =IF(X89<=2,"Stage 0",IF(X89<=4,"Stage I",IF(X89<=6,"Stage II",IF(X89<=8,"Stage III", "Stage IV")))) -> Stage III | Z89: =IF(U89<>"",U89,ROUND(AVERAGEIF(S89:S619,S89,U89:U619),2)) -> 26926.13
A90: PT0014852 | B90: 51 | C90: Other | D90: =PROPER(Table3[[#This Row],[Gender]]) -> Other | E90: UK | F90: =PROPER(Table3[[#This Row],[Country_Region]]) -> Uk | G90: 2023 | H90: 3.6 | I90: =IF(H90="", AVERAGEIF('CLEANED DATASET'!$G$2:$G$532,G90,'CLEANED DATASET'!$H192),H90) -> 3.6 | J90: 9.8 | K90: =IF(J90="",ROUND(AVERAGEIF(G94:G620,G90,J90:J620),1),J90) -> 9.8 | L90: 5.7 | M90: =IF(L90="", AVERAGEIF(G90:G620, G90,L90:L620),L90) -> 5.7 | N90: 4.1 | O90: =IF(N90="",AVERAGEIF(G90:G620,G90,N90:N620),N90) -> 4.1 | P90: 4.8 | Q90: =IF(P90="",AVERAGEIF(G90:G620,G90,P90:P620),P90) -> 4.8 | R90: Lung | S90: =PROPER(Table3[[#This Row],[Cancer_Type]]) -> Lung | T90: Stage III | U90: 72180.2 | V90: 5.5 | W90: =IF(Y90="Stage 0",RANDBETWEEN(9,10), IF(Y90="Stage I",RANDBETWEEN(7,8), IF(Y90="Stage II",RANDBETWEEN(5,6), IF(Y90="Stage III",RANDBETWEEN(3,4), IF(Y90="Stage IV",RANDBETWEEN(1,2),""))))) -> 5 | X90: 4.9 | Y90: =IF(X90<=2,"Stage 0",IF(X90<=4,"Stage I",IF(X90<=6,"Stage II",IF(X90<=8,"Stage III", "Stage IV")))) -> Stage II | Z90: =IF(U90<>"",U90,ROUND(AVERAGEIF(S90:S620,S90,U90:U620),2)) -> 72180.2
A91: PT0015015 | B91: 56 | C91: Male | D91: =PROPER(Table3[[#This Row],[Gender]]) -> Male | E91: UK | F91: =PROPER(Table3[[#This Row],[Country_Region]]) -> Uk | G91: 2023 | I91: =IF(H91="", AVERAGEIF('CLEANED DATASET'!$G$2:$G$532,G91,'CLEANED DATASET'!$H530),H91) -> 0.8 | J91: 1.6 | K91: =IF(J91="",ROUND(AVERAGEIF(G95:G621,G91,J91:J621),1),J91) -> 1.6 | L91: 0.5 | M91: =IF(L91="", AVERAGEIF(G91:G621, G91,L91:L621),L91) -> 0.5 | N91: 7.2 | O91: =IF(N91="",AVERAGEIF(G91:G621,G91,N91:N621),N91) -> 7.2 | P91: 9.2 | Q91: =IF(P91="",AVERAGEIF(G91:G621,G91,P91:P621),P91) -> 9.2 | R91: unknown | S91: =PROPER(Table3[[#This Row],[Cancer_Type]]) -> Unknown | T91: Stage IV | U91: 8103.6 | V91: 4.1 | W91: =IF(Y91="Stage 0",RANDBETWEEN(9,10), IF(Y91="Stage I",RANDBETWEEN(7,8), IF(Y91="Stage II",RANDBETWEEN(5,6), IF(Y91="Stage III",RANDBETWEEN(3,4), IF(Y91="Stage IV",RANDBETWEEN(1,2),""))))) -> 4 | X91: 6.47 | Y91: =IF(X91<=2,"Stage 0",IF(X91<=4,"Stage I",IF(X91<=6,"Stage II",IF(X91<=8,"Stage III", "Stage IV")))) -> Stage III | Z91: =IF(U91<>"",U91,ROUND(AVERAGEIF(S91:S621,S91,U91:U621),2)) -> 8103.6
A92: PT0015156 | B92: 84 | C92: Female | D92: =PROPER(Table3[[#This Row],[Gender]]) -> Female | E92: GERMANY | F92: =PROPER(Table3[[#This Row],[Country_Region]]) -> Germany | G92: 2024 | H92: 5.8 | I92: =IF(H92="", AVERAGEIF('CLEANED DATASET'!$G$2:$G$532,G92,'CLEANED DATASET'!$H207),H92) -> 5.8 | J92: 1.7 | K92: =IF(J92="",ROUND(AVERAGEIF(G96:G622,G92,J92:J622),1),J92) -> 1.7 | L92: 1 | M92: =IF(L92="", AVERAGEIF(G92:G622, G92,L92:L622),L92) -> 1 | N92: 6.8 | O92: =IF(N92="",AVERAGEIF(G92:G622,G92,N92:N622),N92) -> 6.8 | P92: 6.7 | Q92: =IF(P92="",AVERAGEIF(G92:G622,G92,P92:P622),P92) -> 6.7 | R92: Prostate | S92: =PROPER(Table3[[#This Row],[Cancer_Type]]) -> Prostate | T92: Stage I | U92: 60393.29 | V92: 0.5 | W92: =IF(Y92="Stage 0",RANDBETWEEN(9,10), IF(Y92="Stage I",RANDBETWEEN(7,8), IF(Y92="Stage II",RANDBETWEEN(5,6), IF(Y92="Stage III",RANDBETWEEN(3,4), IF(Y92="Stage IV",RANDBETWEEN(1,2),""))))) -> 5 | X92: 4.39 | Y92: =IF(X92<=2,"Stage 0",IF(X92<=4,"Stage I",IF(X92<=6,"Stage II",IF(X92<=8,"Stage III", "Stage IV")))) -> Stage II | Z92: =IF(U92<>"",U92,ROUND(AVERAGEIF(S92:S622,S92,U92:U622),2)) -> 60393.29
A93: PT0015186 | B93: 73 | C93: Other | D93: =PROPER(Table3[[#This Row],[Gender]]) -> Other | E93: rUSSIA | F93: =PROPER(Table3[[#This Row],[Country_Region]]) -> Russia | G93: 2023 | H93: 4.1 | I93: =IF(H93="", AVERAGEIF('CLEANED DATASET'!$G$2:$G$532,G93,'CLEANED DATASET'!$H393),H93) -> 4.1 | J93: 6.9 | K93: =IF(J93="",ROUND(AVERAGEIF(G97:G623,G93,J93:J623),1),J93) -> 6.9 | L93: 9.8 | M93: =IF(L93="", AVERAGEIF(G93:G623, G93,L93:L623),L93) -> 9.8 | N93: 0.3 | O93: =IF(N93="",AVERAGEIF(G93:G623,G93,N93:N623),N93) -> 0.3 | P93: 3.5 | Q93: =IF(P93="",AVERAGEIF(G93:G623,G93,P93:P623),P93) -> 3.5 | R93: Breast | S93: =PROPER(Table3[[#This Row],[Cancer_Type]]) -> Breast | T93: Stage IV | U93: 12472.69 | V93: =ROUND(10-((I93+K93+M93+O93+Q93)/5),1) -> 5.1 | W93: =IF(Y93="Stage 0",RANDBETWEEN(9,10), IF(Y93="Stage I",RANDBETWEEN(7,8), IF(Y93="Stage II",RANDBETWEEN(5,6), IF(Y93="Stage III",RANDBETWEEN(3,4), IF(Y93="Stage IV",RANDBETWEEN(1,2),""))))) -> 5 | X93: 5.49 | Y93: =IF(X93<=2,"Stage 0",IF(X93<=4,"Stage I",IF(X93<=6,"Stage II",IF(X93<=8,"Stage III", "Stage IV")))) -> Stage II | Z93: =IF(U93<>"",U93,ROUND(AVERAGEIF(S93:S623,S93,U93:U623),2)) -> 12472.69
A94: PT0015205 | B94: 37 | C94: Other | D94: =PROPER(Table3[[#This Row],[Gender]]) -> Other | E94: Germany | F94: =PROPER(Table3[[#This Row],[Country_Region]]) -> Germany | G94: 2022 | H94: 0.3 | I94: =IF(H94="", AVERAGEIF('CLEANED DATASET'!$G$2:$G$532,G94,'CLEANED DATASET'!$H484),H94) -> 0.3 | J94: 7.3 | K94: =IF(J94="",ROUND(AVERAGEIF(G98:G624,G94,J94:J624),1),J94) -> 7.3 | L94: 10 | M94: =IF(L94="", AVERAGEIF(G94:G624, G94,L94:L624),L94) -> 10 | N94: 6.5 | O94: =IF(N94="",AVERAGEIF(G94:G624,G94,N94:N624),N94) -> 6.5 | P94: 1.1 | Q94: =IF(P94="",AVERAGEIF(G94:G624,G94,P94:P624),P94) -> 1.1 | R94: Prostate | S94: =PROPER(Table3[[#This Row],[Cancer_Type]]) -> Prostate | U94: 28351.3 | V94: 8.1 | W94: =IF(Y94="Stage 0",RANDBETWEEN(9,10), IF(Y94="Stage I",RANDBETWEEN(7,8), IF(Y94="Stage II",RANDBETWEEN(5,6), IF(Y94="Stage III",RANDBETWEEN(3,4), IF(Y94="Stage IV",RANDBETWEEN(1,2),""))))) -> 6 | X94: 5.5 | Y94: =IF(X94<=2,"Stage 0",IF(X94<=4,"Stage I",IF(X94<=6,"Stage II",IF(X94<=8,"Stage III", "Stage IV")))) -> Stage II | Z94: =IF(U94<>"",U94,ROUND(AVERAGEIF(S94:S624,S94,U94:U624),2)) -> 28351.3
A95: PT0015231 | B95: 22 | C95: Female | D95: =PROPER(Table3[[#This Row],[Gender]]) -> Female | E95: Brazil | F95: =PROPER(Table3[[#This Row],[Country_Region]]) -> Brazil | G95: 2023 | H95: 5.4 | I95: =IF(H95="", AVERAGEIF('CLEANED DATASET'!$G$2:$G$532,G95,'CLEANED DATASET'!$H113),H95) -> 5.4 | J95: 6.7 | K95: =IF(J95="",ROUND(AVERAGEIF(G99:G625,G95,J95:J625),1),J95) -> 6.7 | L95: 0.1 | M95: =IF(L95="", AVERAGEIF(G95:G625, G95,L95:L625),L95) -> 0.1 | N95: 5.6 | O95: =IF(N95="",AVERAGEIF(G95:G625,G95,N95:N625),N95) -> 5.6 | P95: 4.9 | Q95: =IF(P95="",AVERAGEIF(G95:G625,G95,P95:P625),P95) -> 4.9 | R95: Prostate | S95: =PROPER(Table3[[#This Row],[Cancer_Type]]) -> Prostate | T95: Stage 0 | U95: 14162.95 | V95: 6.8 | W95: =IF(Y95="Stage 0",RANDBETWEEN(9,10), IF(Y95="Stage I",RANDBETWEEN(7,8), IF(Y95="Stage II",RANDBETWEEN(5,6), IF(Y95="Stage III",RANDBETWEEN(3,4), IF(Y95="Stage IV",RANDBETWEEN(1,2),""))))) -> 6 | X95: 5.43 | Y95: =IF(X95<=2,"Stage 0",IF(X95<=4,"Stage I",IF(X95<=6,"Stage II",IF(X95<=8,"Stage III", "Stage IV")))) -> Stage II | Z95: =IF(U95<>"",U95,ROUND(AVERAGEIF(S95:S625,S95,U95:U625),2)) -> 14162.95
A96: PT0015272 | B96: 47 | C96: Other | D96: =PROPER(Table3[[#This Row],[Gender]]) -> Other | E96: Germany | F96: =PROPER(Table3[[#This Row],[Country_Region]]) -> Germany | G96: 2024 | H96: 0.2 | I96: =IF(H96="", AVERAGEIF('CLEANED DATASET'!$G$2:$G$532,G96,'CLEANED DATASET'!$H464),H96) -> 0.2 | J96: 5.6 | K96: =IF(J96="",ROUND(AVERAGEIF(G100:G626,G96,J96:J626),1),J96) -> 5.6 | L96: 6.5 | M96: =IF(L96="", AVERAGEIF(G96:G626, G96,L96:L626),L96) -> 6.5 | N96: 9.4 | O96: =IF(N96="",AVERAGEIF(G96:G626,G96,N96:N626),N96) -> 9.4 | P96: 6.1 | Q96: =IF(P96="",AVERAGEIF(G96:G626,G96,P96:P626),P96) -> 6.1 | R96: colon | S96: =PROPER(Table3[[#This Row],[Cancer_Type]]) -> Colon | T96: Stage II | U96: 34339.19 | V96: =ROUND(10-((I96+K96+M96+O96+Q96)/5),1) -> 4.4 | W96: =IF(Y96="Stage 0",RANDBETWEEN(9,10), IF(Y96="Stage I",RANDBETWEEN(7,8), IF(Y96="Stage II",RANDBETWEEN(5,6), IF(Y96="Stage III",RANDBETWEEN(3,4), IF(Y96="Stage IV",RANDBETWEEN(1,2),""))))) -> 5 | X96: 5.66 | Y96: =IF(X96<=2,"Stage 0",IF(X96<=4,"Stage I",IF(X96<=6,"Stage II",IF(X96<=8,"Stage III", "Stage IV")))) -> Stage II | Z96: =IF(U96<>"",U96,ROUND(AVERAGEIF(S96:S626,S96,U96:U626),2)) -> 34339.19
A97: PT0015348 | B97: 70 | C97: Male | D97: =PROPER(Table3[[#This Row],[Gender]]) -> Male | E97: Australia | F97: =PROPER(Table3[[#This Row],[Country_Region]]) -> Australia | G97: 2022 | H97: 8.6 | I97: =IF(H97="", AVERAGEIF('CLEANED DATASET'!$G$2:$G$532,G97,'CLEANED DATASET'!$H101),H97) -> 8.6 | J97: 2.3 | K97: =IF(J97="",ROUND(AVERAGEIF(G101:G627,G97,J97:J627),1),J97) -> 2.3 | L97: 8.6 | M97: =IF(L97="", AVERAGEIF(G97:G627, G97,L97:L627),L97) -> 8.6 | N97: 3 | O97: =IF(N97="",AVERAGEIF(G97:G627,G97,N97:N627),N97) -> 3 | P97: 5.4 | Q97: =IF(P97="",AVERAGEIF(G97:G627,G97,P97:P627),P97) -> 5.4 | R97: Liver | S97: =PROPER(Table3[[#This Row],[Cancer_Type]]) -> Liver | T97: Stage I | U97: 84414.11 | V97: 4 | W97: =IF(Y97="Stage 0",RANDBETWEEN(9,10), IF(Y97="Stage I",RANDBETWEEN(7,8), IF(Y97="Stage II",RANDBETWEEN(5,6), IF(Y97="Stage III",RANDBETWEEN(3,4), IF(Y97="Stage IV",RANDBETWEEN(1,2),""))))) -> 5 | X97: 4.81 | Y97: =IF(X97<=2,"Stage 0",IF(X97<=4,"Stage I",IF(X97<=6,"Stage II",IF(X97<=8,"Stage III", "Stage IV")))) -> Stage II | Z97: =IF(U97<>"",U97,ROUND(AVERAGEIF(S97:S627,S97,U97:U627),2)) -> 84414.11
A98: PT0015357 | B98: 61 | C98: Male | D98: =PROPER(Table3[[#This Row],[Gender]]) -> Male | E98: Canada | F98: =PROPER(Table3[[#This Row],[Country_Region]]) -> Canada | G98: 2023 | H98: 6.2 | I98: =IF(H98="", AVERAGEIF('CLEANED DATASET'!$G$2:$G$532,G98,'CLEANED DATASET'!$H504),H98) -> 6.2 | J98: 0.6 | K98: =IF(J98="",ROUND(AVERAGEIF(G102:G628,G98,J98:J628),1),J98) -> 0.6 | L98: 1.8 | M98: =IF(L98="", AVERAGEIF(G98:G628, G98,L98:L628),L98) -> 1.8 | N98: 2.5 | O98: =IF(N98="",AVERAGEIF(G98:G628,G98,N98:N628),N98) -> 2.5 | P98: 6.5 | Q98: =IF(P98="",AVERAGEIF(G98:G628,G98,P98:P628),P98) -> 6.5 | R98: LUNG | S98: =PROPER(Table3[[#This Row],[Cancer_Type]]) -> Lung | T98: Stage III | V98: 2.5 | W98: =IF(Y98="Stage 0",RANDBETWEEN(9,10), IF(Y98="Stage I",RANDBETWEEN(7,8), IF(Y98="Stage II",RANDBETWEEN(5,6), IF(Y98="Stage III",RANDBETWEEN(3,4), IF(Y98="Stage IV",RANDBETWEEN(1,2),""))))) -> 7 | X98: 2.82 | Y98: =IF(X98<=2,"Stage 0",IF(X98<=4,"Stage I",IF(X98<=6,"Stage II",IF(X98<=8,"Stage III", "Stage IV")))) -> Stage I | Z98: =IF(U98<>"",U98,ROUND(AVERAGEIF(S98:S628,S98,U98:U628),2)) -> 49461.75
A99: PT0015405 | B99: 37 | C99: Other | D99: =PROPER(Table3[[#This Row],[Gender]]) -> Other | E99: UK | F99: =PROPER(Table3[[#This Row],[Country_Region]]) -> Uk | G99: 2022 | H99: 1.7 | I99: =IF(H99="", AVERAGEIF('CLEANED DATASET'!$G$2:$G$532,G99,'CLEANED DATASET'!$H159),H99) -> 1.7 | J99: 5.1 | K99: =IF(J99="",ROUND(AVERAGEIF(G103:G629,G99,J99:J629),1),J99) -> 5.1 | L99: 5.2 | M99: =IF(L99="", AVERAGEIF(G99:G629, G99,L99:L629),L99) -> 5.2 | N99: 5.6 | O99: =IF(N99="",AVERAGEIF(G99:G629,G99,N99:N629),N99) -> 5.6 | P99: 1.6 | Q99: =IF(P99="",AVERAGEIF(G99:G629,G99,P99:P629),P99) -> 1.6 | R99: Skin | S99: =PROPER(Table3[[#This Row],[Cancer_Type]]) -> Skin | T99: Stage 0 | U99: 72733.94 | V99: 5.6 | W99: =IF(Y99="Stage 0",RANDBETWEEN(9,10), IF(Y99="Stage I",RANDBETWEEN(7,8), IF(Y99="Stage II",RANDBETWEEN(5,6), IF(Y99="Stage III",RANDBETWEEN(3,4), IF(Y99="Stage IV",RANDBETWEEN(1,2),""))))) -> 7 | X99: 3.71 | Y99: =IF(X99<=2,"Stage 0",IF(X99<=4,"Stage I",IF(X99<=6,"Stage II",IF(X99<=8,"Stage III", "Stage IV")))) -> Stage I | Z99: =IF(U99<>"",U99,ROUND(AVERAGEIF(S99:S629,S99,U99:U629),2)) -> 72733.94
A100: PT0015411 | B100: 28 | C100: Male | D100: =PROPER(Table3[[#This Row],[Gender]]) -> Male | E100: INDIA | F100: =PROPER(Table3[[#This Row],[Country_Region]]) -> India | G100: 2023 | H100: 3.3 | I100: =IF(H100="", AVERAGEIF('CLEANED DATASET'!$G$2:$G$532,G100,'CLEANED DATASET'!$H251),H100) -> 3.3 | J100: 7.2 | K100: =IF(J100="",ROUND(AVERAGEIF(G104:G630,G100,J100:J630),1),J100) -> 7.2 | L100: 5.2 | M100: =IF(L100="", AVERAGEIF(G100:G630, G100,L100:L630),L100) -> 5.2 | N100: 7.6 | O100: =IF(N100="",AVERAGEIF(G100:G630,G100,N100:N630),N100) -> 7.6 | P100: 2.1 | Q100: =IF(P100="",AVERAGEIF(G100:G630,G100,P100:P630),P100) -> 2.1 | R100: Prostate | S100: =PROPER(Table3[[#This Row],[Cancer_Type]]) -> Prostate | T100: Stage II | U100: 60860.69 | V100: 2.2 | W100: =IF(Y100="Stage 0",RANDBETWEEN(9,10), IF(Y100="Stage I",RANDBETWEEN(7,8), IF(Y100="Stage II",RANDBETWEEN(5,6), IF(Y100="Stage III",RANDBETWEEN(3,4), IF(Y100="Stage IV",RANDBETWEEN(1,2),""))))) -> 5 | X100: 5.03 | Y100: =IF(X100<=2,"Stage 0",IF(X100<=4,"Stage I",IF(X100<=6,"Stage II",IF(X100<=8,"Stage III", "Stage IV")))) -> Stage II | Z100: =IF(U100<>"",U100,ROUND(AVERAGEIF(S100:S630,S100,U100:U630),2)) -> 60860.69
...

Sheet PIVOT TABLE
A1: 1. CANCER TYPE WISE PATIENT COUNT | D1: 2. YEAR WISE TREATMENT COST-AVERAGE | G1: 3. CANCER STAGE WISE SURVIVAL YEARS-AVERAGE
A2: Row Labels | B2: Count of Patient_ID | D2: Row Labels | E2: Average of Treatment_Cost_USD | G2: Row Labels | H2: Average of Survival_Year
A3: Breast | B3: 65 | D3: 2022 | E3: 52797.118 | G3: Stage 0 | H3: 2.2
A4: Cervical | B4: 68 | D4: 2023 | E4: 50580.43 | G4: Stage I | H4: 5.1635593
A5: Colon | B5: 64 | D5: 2024 | E5: 51751.069 | G5: Stage II | H5: 5.2364821
A6: Leukemia | B6: 60 | D6: Grand Total | E6: 51711.04 | G6: Stage III | H6: 5.4123457
A7: Liver | B7: 62 | G7: Stage IV | H7: 4.975
A8: Lung | B8: 58 | G8: Grand Total | H8: 5.2295669
A9: Prostate | B9: 60 | D9: 4. COUNTRY-WISE PATIENT COUNT
A10: Skin | B10: 64 | D10: Row Labels | E10: Count of Patient_ID | G10: 5. GENDER WISE CANCER TYPE DISTRIBUTION
A11: Unknown | B11: 30 | D11: Australia | E11: 61 | G11: Count of Patient_ID | H11: Column Labels
A12: Grand Total | B12: 531 | D12: Brazil | E12: 54 | G12: Row Labels | H12: Female | I12: Male | J12: Other | K12: Unknown | L12: Grand Total
D13: Canada | E13: 50 | G13: Breast | H13: 23 | I13: 21 | J13: 18 | K13: 3 | L13: 65
A14: 6.CANCER TYPE WISE AVERAGE TREATMENT COST | D14: China | E14: 52 | G14: Cervical | H14: 19 | I14: 24 | J14: 21 | K14: 4 | L14: 68
A15: Row Labels | B15: Average of Treatment_Cost_USD | D15: Germany | E15: 64 | G15: Colon | H15: 17 | I15: 24 | J15: 21 | K15: 2 | L15: 64
A16: Breast | B16: 48055.013 | D16: India | E16: 52 | G16: Leukemia | H16: 17 | I16: 21 | J16: 16 | K16: 6 | L16: 60
A17: Cervical | B17: 49123.956 | D17: Pakistan | E17: 53 | G17: Liver | H17: 19 | I17: 22 | J17: 18 | K17: 3 | L17: 62
A18: Colon | B18: 57014.704 | D18: Russia | E18: 57 | G18: Lung | H18: 17 | I18: 18 | J18: 18 | K18: 5 | L18: 58
A19: Leukemia | B19: 52577.286 | D19: UK | E19: 56 | G19: Prostate | H19: 19 | I19: 19 | J19: 15 | K19: 7 | L19: 60
A20: Liver | B20: 53418.353 | D20: USA | E20: 32 | G20: Skin | H20: 21 | I20: 21 | J20: 19 | K20: 3 | L20: 64
A21: Lung | B21: 50661.775 | D21: Grand Total | E21: 531 | G21: Unknown | H21: 8 | I21: 7 | J21: 8 | K21: 7 | L21: 30
A22: Prostate | B22: 54133.743 | G22: Grand Total | H22: 160 | I22: 177 | J22: 154 | K22: 40 | L22: 531
A23: Skin | B23: 49666.545
A24: Unknown | B24: 50465.825
A25: Grand Total | B25: 51711.04

Sheet CLEANED FINAL
A1: PATIENT_ID | B1: AGE | C1: GENDER | D1: COUNTRY REGION | E1: YEAR | F1: GENETIC_RISK | G1: AIR POLLUTION | H1: ALCOHOL USE | I1: SMOKING | J1: OBESITY LEVEL | K1: CANCER_TYPE | L1: SURVIVAL YEAR | M1: TARGET_SEVERITY_SCORE | N1: CANCER STAGE | O1: TREATMENT COST USD
A2: PT0001777 | B2: 60 | C2: Male | D2: Australia | E2: 2022 | F2: 6.1 | G2: 2.1 | H2: 6.3 | I2: 4.6005848 | J2: 0.6 | K2: Breast | L2: 7 | M2: 3.93 | N2: Stage I | O2: 35502.54
A3: PT0006143 | B3: 70 | C3: Male | D3: Russia | E3: 2023 | F3: 1.6 | G3: 2 | H3: 4.3 | I3: 5 | J3: 0.8 | K3: Leukemia | L3: 6 | M3: 4.02 | N3: Stage II | O3: 16273.05
A4: PT0006792 | B4: 33 | C4: Other | D4: Brazil | E4: 2024 | F4: 9.1 | G4: 7.5 | H4: 4.712963 | I4: 7.5 | J4: 7 | K4: Colon | L4: 4 | M4: 7.14 | N4: Stage III | O4: 22899.65
A5: PT0007169 | B5: 87 | C5: Female | D5: Russia | E5: 2022 | F5: 7.5 | G5: 8.5 | H5: 0.9 | I5: 2.7 | J5: 8 | K5: Skin | L5: 4 | M5: 6.05 | N5: Stage III | O5: 10195.07
A6: PT0007406 | B6: 56 | C6: Male | D6: China | E6: 2022 | F6: 5.2 | G6: 3.7 | H6: 4.4 | I6: 3.8 | J6: 8.1 | K6: Cervical | L6: 6 | M6: 5.66 | N6: Stage II | O6: 8481.64
A7: PT0008067 | B7: 51 | C7: Male | D7: Pakistan | E7: 2024 | F7: 0.6 | G7: 9.7 | H7: 0.8 | I7: 5.0527607 | J7: 4.2546584 | K7: Leukemia | L7: 8 | M7: 3.16 | N7: Stage I | O7: 76197.01
A8: PT0008765 | B8: 29 | C8: Female | D8: Pakistan | E8: 2022 | F8: 1 | G8: 9.2 | H8: 3.7 | I8: 3.4 | J8: 2.5 | K8: Cervical | L8: 6 | M8: 4.5 | N8: Stage II | O8: 51711.04
A9: PT0008770 | B9: 73 | C9: Other | D9: Brazil | E9: 2023 | F9: 8.5 | G9: 5.7 | H9: 0.6 | I9: 4.3 | J9: 2.9 | K9: Liver | L9: 5 | M9: 4.58 | N9: Stage II | O9: 60883.56
A10: PT0008867 | B10: 29 | C10: Unknown | D10: Canada | E10: 2024 | F10: 4.0736842 | G10: 3.5 | H10: 7.1 | I10: 2.2 | J10: 3.6 | K10: Prostate | L10: 7 | M10: 3.3 | N10: Stage I | O10: 94485.75
A11: PT0009237 | B11: 33 | C11: Female | D11: Pakistan | E11: 2023 | F11: 7.7 | G11: 4.5 | H11: 2.4 | I11: 2.3 | J11: 5.2 | K11: Colon | L11: 6 | M11: 4.69 | N11: Stage II | O11: 43439
A12: PT0009519 | B12: 23 | C12: Other | D12: India | E12: 2024 | F12: 1.6 | G12: 0.5 | H12: 3.5 | I12: 4.6 | J12: 7.8 | K12: Leukemia | L12: 8 | M12: 3.3 | N12: Stage I | O12: 66140.43
A13: PT0009578 | B13: 47 | C13: Male | D13: Usa | E13: 2024 | F13: 7.7 | G13: 0.9 | H13: 3 | I13: 6.5 | J13: 5.9 | K13: Leukemia | L13: 5 | M13: 4.98 | N13: Stage II | O13: 51804.21
... A532: PT0049770 | B532: 67 | C532: Female | D532: Australia | E532: 2022 | F532: 1.6 | G532: 5.6 | H532: 4.7 | I532: 3.3 | J532: 4.9 | K532: Skin | L532: 8 | M532: 3.14 | N532: Stage I | O532: 93848.98
